"Territory Name",created_timestamp,address_id,group,alias,address,address_2,member_id,first_name,last_name,email,phone,city,state,country_id,zipcode,lat,lng,curbside_lat,curbside_lng,schedule,schedule_blacklist,in_route_count,last_visited_timestamp,last_routed_timestamp,time_window_start,time_window_end,time_window_start_2,time_window_end_2,service_time,timezone,color,address_icon,address_stop_type,address_cube,address_pieces,address_reference_no,address_revenue,address_weight,address_priority,address_customer_po,"pud rte",courier_id,"act dt",kmeans
,"2017-11-20 07:31:23",23909632,,,"Unknown address 3940",,403634,,,,,,,0,,40.641,-73.922463,40.641,-73.922463,"[{""daily"":{""every"":1},""enabled"":true,""mode"":""daily""}]",,0,,,09:00:00,18:00:00,,,,,,,DELIVERY,,,,,,,,BKEE,thjones,20170802,1
,"2017-11-20 07:59:33",23910144,,,"Unknown address 3608",,403634,,,,,,,,,40.641141,-73.922295,40.641141,-73.922295,[],,0,,,09:00:00,18:00:00,,,,,,,DELIVERY,0,0,,0,0,,,BKGH,racasian,20170828,1
,"2017-11-20 07:31:24",23909633,,,"Unknown address 3631",,403634,,,,,,,0,,40.641127,-73.922639,40.641127,-73.922639,"[{""daily"":{""every"":1},""enabled"":true,""mode"":""daily""}]",,0,,,09:00:00,18:00:00,,,,,,,DELIVERY,,,,,,,,BKLB,pjacobs,20170802,52
,"2017-11-20 07:59:33",23910145,,,"Unknown address 3356",,403634,,,,,,,,,40.641286,-73.921669,40.641286,-73.921669,[],,0,,,09:00:00,18:00:00,,,,,,,DELIVERY,0,0,,0,0,,,BKFC,mosolima,20170818,1
,"2017-11-20 07:31:25",23909634,,,"Unknown address 2793",,403634,,,,,,,0,,40.642378,-73.923215,40.642378,-73.923215,"[{""daily"":{""every"":1},""enabled"":true,""mode"":""daily""}]",,0,,,09:00:00,18:00:00,,,,,,,DELIVERY,,,,,,,,BKFH,lgasp01,20170825,65
,"2017-11-20 07:59:33",23910146,,,"Unknown address 4210",,403634,,,,,,,,,40.640885,-73.922855,40.640885,-73.922855,[],,0,,,09:00:00,18:00:00,,,,,,,DELIVERY,0,0,,0,0,,,BKFA,fgalioto,20170809,52
,"2017-11-20 07:31:26",23909635,,,"Unknown address 3892",,403634,,,,,,,0,,40.64102,-73.923113,40.64102,-73.923113,"[{""daily"":{""every"":1},""enabled"":true,""mode"":""daily""}]",,0,,,09:00:00,18:00:00,,,,,,,DELIVERY,,,,,,,,BKLC,dasricha,20170802,21
,"2017-11-20 07:59:33",23910147,,,"Unknown address 2525",,403634,,,,,,,,,40.687666,-73.991029,40.687666,-73.991029,[],,0,,,09:00:00,18:00:00,,,,,,,DELIVERY,0,0,,0,0,,,BKLC,dasricha,20170810,45
,"2017-11-20 07:31:27",23909636,,,"Unknown address 3169",,403634,,,,,,,0,,40.641503,-73.922449,40.641503,-73.922449,"[{""daily"":{""every"":1},""enabled"":true,""mode"":""daily""}]",,0,,,09:00:00,18:00:00,,,,,,,DELIVERY,,,,,,,,BKLB,pjacobs,20170823,52
,"2017-11-20 07:59:33",23910148,,,"Unknown address 3801",,403634,,,,,,,,,40.641061,-73.922512,40.641061,-73.922512,[],,0,,,09:00:00,18:00:00,,,,,,,DELIVERY,0,0,,0,0,,,BKGI,lgasp01,20170824,1
,"2017-11-20 07:31:28",23909637,,,"Unknown address 3321",,403634,,,,,,,0,,40.641315,-73.923036,40.641315,-73.923036,"[{""daily"":{""every"":1},""enabled"":true,""mode"":""daily""}]",,0,,,09:00:00,18:00:00,,,,,,,DELIVERY,,,,,,,,BKGC,mblair,20170822,21
,"2017-11-20 07:59:33",23910149,,,"Unknown address 2140",,403634,,,,,,,,,40.636148,-74.008388,40.636148,-74.008388,[],,0,,,09:00:00,18:00:00,,,,,,,DELIVERY,0,0,,0,0,,,BKLC,dasricha,20170817,5
,"2017-11-20 07:31:30",23909638,,,"Unknown address 3119",,403634,,,,,,,0,,40.583484,-73.949192,40.583484,-73.949192,"[{""daily"":{""every"":1},""enabled"":true,""mode"":""daily""}]",,0,,,09:00:00,18:00:00,,,,,,,DELIVERY,,,,,,,,BKGA,pgengo,20170809,44
,"2017-11-20 07:59:33",23910150,,,"Unknown address 3551",,403634,,,,,,,,,40.641167,-73.922317,40.641167,-73.922317,[],,0,,,09:00:00,18:00:00,,,,,,,DELIVERY,0,0,,0,0,,,BKHC,jexanthu,20170821,1
,"2017-11-20 07:31:31",23909639,,,"Unknown address 4180",,403634,,,,,,,0,,40.640902,-73.922795,40.640902,-73.922795,"[{""daily"":{""every"":1},""enabled"":true,""mode"":""daily""}]",,0,,,09:00:00,18:00:00,,,,,,,DELIVERY,,,,,,,,BKED,rassdetr,20170817,52
,"2017-11-20 07:59:33",23910151,,,"Unknown address 3863",,403634,,,,,,,,,40.641032,-73.9227,40.641032,-73.9227,[],,0,,,09:00:00,18:00:00,,,,,,,DELIVERY,0,0,,0,0,,,BKEA,clarewhi,20170823,52
,"2017-11-20 07:31:33",23909640,,,"Unknown address 4463",,403634,,,,,,,0,,40.640698,-73.923202,40.640698,-73.923202,"[{""daily"":{""every"":1},""enabled"":true,""mode"":""daily""}]",,0,,,09:00:00,18:00:00,,,,,,,DELIVERY,,,,,,,,BKLA,tcallana,20170823,21
,"2017-11-20 07:59:33",23910152,,,"Unknown address 4036",,403634,,,,,,,,,40.640971,-73.922742,40.640971,-73.922742,[],,0,,,09:00:00,18:00:00,,,,,,,DELIVERY,0,0,,0,0,,,BKFD,sromans,20170801,52
,"2017-11-20 07:31:34",23909641,,,"Unknown address 3862",,403634,,,,,,,0,,40.641032,-73.922637,40.641032,-73.922637,"[{""daily"":{""every"":1},""enabled"":true,""mode"":""daily""}]",,0,,,09:00:00,18:00:00,,,,,,,DELIVERY,,,,,,,,BKFE,mimorcig,20170803,1
,"2017-11-20 07:59:33",23910153,,,"Unknown address 2422",,403634,,,,,,,,,40.618452,-74.033366,40.618452,-74.033366,[],,0,,,09:00:00,18:00:00,,,,,,,DELIVERY,0,0,,0,0,,,BKEA,clarewhi,20170801,48
,"2017-11-20 07:31:35",23909642,,,"Unknown address 3849",,403634,,,,,,,0,,40.641037,-73.922745,40.641037,-73.922745,"[{""daily"":{""every"":1},""enabled"":true,""mode"":""daily""}]",,0,,,09:00:00,18:00:00,,,,,,,DELIVERY,,,,,,,,BKGD,aramosj,20170811,52
,"2017-11-20 07:59:33",23910154,,,"Unknown address 35",,403634,,,,,,,,,40.64062,-73.922415,40.64062,-73.922415,[],,0,,,09:00:00,18:00:00,,,,,,,DELIVERY,0,0,,0,0,,,BKEJ,gregohil,20170829,42
,"2017-11-20 07:31:38",23909643,,,"Unknown address 3804",,403634,,,,,,,0,,40.641061,-73.922683,40.641061,-73.922683,"[{""daily"":{""every"":1},""enabled"":true,""mode"":""daily""}]",,0,,,09:00:00,18:00:00,,,,,,,DELIVERY,,,,,,,,BKGP,lgasp01,20170821,52
,"2017-11-20 07:59:33",23910155,,,"Unknown address 4091",,403634,,,,,,,,,40.640941,-73.922768,40.640941,-73.922768,[],,0,,,09:00:00,18:00:00,,,,,,,DELIVERY,0,0,,0,0,,,BKLA,tcallana,20170821,52
,"2017-11-20 07:31:39",23909644,,,"Unknown address 3133",,403634,,,,,,,0,,40.641545,-73.922725,40.641545,-73.922725,"[{""daily"":{""every"":1},""enabled"":true,""mode"":""daily""}]",,0,,,09:00:00,18:00:00,,,,,,,DELIVERY,,,,,,,,BKGF,pjohn,20170828,21
,"2017-11-20 07:59:33",23910156,,,"Unknown address 11",,403634,,,,,,,,,40.640646,-73.922972,40.640646,-73.922972,[],,0,,,09:00:00,18:00:00,,,,,,,DELIVERY,0,0,,0,0,,,BKEC,jcondon,20170802,42
,"2017-11-20 07:31:40",23909645,,,"Unknown address 3979",,403634,,,,,,,0,,40.640989,-73.922725,40.640989,-73.922725,"[{""daily"":{""every"":1},""enabled"":true,""mode"":""daily""}]",,0,,,09:00:00,18:00:00,,,,,,,DELIVERY,,,,,,,,BKEC,hlacan,20170825,52
,"2017-11-20 07:59:33",23910157,,,"Unknown address 3657",,403634,,,,,,,,,40.641114,-73.922236,40.641114,-73.922236,[],,0,,,09:00:00,18:00:00,,,,,,,DELIVERY,0,0,,0,0,,,BKGG,mshabazz,20170817,1
,"2017-11-20 07:31:42",23909646,,,"Unknown address 3433",,403634,,,,,,,0,,40.641229,-73.922401,40.641229,-73.922401,"[{""daily"":{""every"":1},""enabled"":true,""mode"":""daily""}]",,0,,,09:00:00,18:00:00,,,,,,,DELIVERY,,,,,,,,BKFA,lgasp01,20170817,1
,"2017-11-20 07:59:33",23910158,,,"Unknown address 3572",,403634,,,,,,,,,40.641156,-73.922255,40.641156,-73.922255,[],,0,,,09:00:00,18:00:00,,,,,,,DELIVERY,0,0,,0,0,,,BKEE,thjones,20170823,1
,"2017-11-20 07:31:43",23909647,,,"Unknown address 3968",,403634,,,,,,,0,,40.640991,-73.923009,40.640991,-73.923009,"[{""daily"":{""every"":1},""enabled"":true,""mode"":""daily""}]",,0,,,09:00:00,18:00:00,,,,,,,DELIVERY,,,,,,,,BKEK,rassdetr,20170807,21
,"2017-11-20 07:59:33",23910159,,,"Unknown address 4300",,403634,,,,,,,,,40.640837,-73.92208,40.640837,-73.92208,[],,0,,,09:00:00,18:00:00,,,,,,,DELIVERY,0,0,,0,0,,,BKGC,mblair,20170830,42
,"2017-11-20 07:31:44",23909648,,,"Unknown address 3830",,403634,,,,,,,0,,40.64105,-73.922801,40.64105,-73.922801,"[{""daily"":{""every"":1},""enabled"":true,""mode"":""daily""}]",,0,,,09:00:00,18:00:00,,,,,,,DELIVERY,,,,,,,,BKEJ,lgasp01,20170814,52
,"2017-11-20 07:59:33",23910160,,,"Unknown address 4454",,403634,,,,,,,,,40.640708,-73.922753,40.640708,-73.922753,[],,0,,,09:00:00,18:00:00,,,,,,,DELIVERY,0,0,,0,0,,,BKEC,jcondon,20170816,42
,"2017-11-20 07:31:45",23909649,,,"Unknown address 957",,403634,,,,,,,0,,40.695075,-73.922664,40.695075,-73.922664,"[{""daily"":{""every"":1},""enabled"":true,""mode"":""daily""}]",,0,,,09:00:00,18:00:00,,,,,,,DELIVERY,,,,,,,,BKEK,gregohil,20170802,32
,"2017-11-20 07:59:33",23910161,,,"Unknown address 3835",,403634,,,,,,,,,40.641046,-73.922922,40.641046,-73.922922,[],,0,,,09:00:00,18:00:00,,,,,,,DELIVERY,0,0,,0,0,,,BKEA,gregohil,20170810,21
,"2017-11-20 07:31:46",23909650,,,"Unknown address 3952",,403634,,,,,,,0,,40.640997,-73.922796,40.640997,-73.922796,"[{""daily"":{""every"":1},""enabled"":true,""mode"":""daily""}]",,0,,,09:00:00,18:00:00,,,,,,,DELIVERY,,,,,,,,BKFC,mosolima,20170821,52
,"2017-11-20 07:59:33",23910162,,,"Unknown address 3917",,403634,,,,,,,,,40.641007,-73.922669,40.641007,-73.922669,[],,0,,,09:00:00,18:00:00,,,,,,,DELIVERY,0,0,,0,0,,,BKLB,pjacobs,20170808,52
,"2017-11-20 07:31:47",23909651,,,"Unknown address 3895",,403634,,,,,,,0,,40.641016,-73.922564,40.641016,-73.922564,"[{""daily"":{""every"":1},""enabled"":true,""mode"":""daily""}]",,0,,,09:00:00,18:00:00,,,,,,,DELIVERY,,,,,,,,BKGB,vporti,20170830,1
,"2017-11-20 07:59:33",23910163,,,"Unknown address 3489",,403634,,,,,,,,,40.641198,-73.922757,40.641198,-73.922757,[],,0,,,09:00:00,18:00:00,,,,,,,DELIVERY,0,0,,0,0,,,BKED,dwinslow,20170815,52
,"2017-11-20 07:31:49",23909652,,,"Unknown address 4145",,403634,,,,,,,0,,40.640916,-73.922661,40.640916,-73.922661,"[{""daily"":{""every"":1},""enabled"":true,""mode"":""daily""}]",,0,,,09:00:00,18:00:00,,,,,,,DELIVERY,,,,,,,,BKGD,aramosj,20170830,1
,"2017-11-20 07:59:33",23910164,,,"Unknown address 3084",,403634,,,,,,,,,40.584023,-73.94966,40.584023,-73.94966,[],,0,,,09:00:00,18:00:00,,,,,,,DELIVERY,0,0,,0,0,,,BKGA,pgengo,20170804,44
,"2017-11-20 07:31:51",23909653,,,"Unknown address 4470",,403634,,,,,,,0,,40.640689,-73.922885,40.640689,-73.922885,"[{""daily"":{""every"":1},""enabled"":true,""mode"":""daily""}]",,0,,,09:00:00,18:00:00,,,,,,,DELIVERY,,,,,,,,BKHA,chnoe,20170807,42
,"2017-11-20 07:59:33",23910165,,,"Unknown address 3338",,403634,,,,,,,,,40.641298,-73.9225,40.641298,-73.9225,[],,0,,,09:00:00,18:00:00,,,,,,,DELIVERY,0,0,,0,0,,,BKFA,fgalioto,20170825,52
,"2017-11-20 07:31:52",23909654,,,"Unknown address 169",,403634,,,,,,,0,,40.640395,-73.923094,40.640395,-73.923094,"[{""daily"":{""every"":1},""enabled"":true,""mode"":""daily""}]",,0,,,09:00:00,18:00:00,,,,,,,DELIVERY,,,,,,,,BKED,dwinslow,20170807,34
,"2017-11-20 07:59:33",23910166,,,"Unknown address 664",,403634,,,,,,,,,40.60273,-73.990361,40.60273,-73.990361,[],,0,,,09:00:00,18:00:00,,,,,,,DELIVERY,0,0,,0,0,,,BKFA,hlacan,20170815,68
,"2017-11-20 07:31:57",23909655,,,"Unknown address 2680",,403634,,,,,,,0,,40.667076,-73.948291,40.667076,-73.948291,"[{""daily"":{""every"":1},""enabled"":true,""mode"":""daily""}]",,0,,,09:00:00,18:00:00,,,,,,,DELIVERY,,,,,,,,BKHB,rimohamm,20170822,19
,"2017-11-20 07:59:33",23910167,,,"Unknown address 4354",,403634,,,,,,,,,40.640802,-73.922556,40.640802,-73.922556,[],,0,,,09:00:00,18:00:00,,,,,,,DELIVERY,0,0,,0,0,,,BKFB,lgasp01,20170829,42
,"2017-11-20 07:32:01",23909656,,,"Unknown address 3846",,403634,,,,,,,0,,40.64104,-73.92255,40.64104,-73.92255,"[{""daily"":{""every"":1},""enabled"":true,""mode"":""daily""}]",,0,,,09:00:00,18:00:00,,,,,,,DELIVERY,,,,,,,,BKGD,aramosj,20170822,1
,"2017-11-20 07:59:33",23910168,,,"Unknown address 3858",,403634,,,,,,,,,40.641034,-73.922851,40.641034,-73.922851,[],,0,,,09:00:00,18:00:00,,,,,,,DELIVERY,0,0,,0,0,,,BKFD,sromans,20170822,52
,"2017-11-20 07:32:03",23909657,,,"Unknown address 3504",,403634,,,,,,,0,,40.64119,-73.922677,40.64119,-73.922677,"[{""daily"":{""every"":1},""enabled"":true,""mode"":""daily""}]",,0,,,09:00:00,18:00:00,,,,,,,DELIVERY,,,,,,,,BKFA,fgalioto,20170803,52
,"2017-11-20 07:59:33",23910169,,,"Unknown address 4046",,403634,,,,,,,,,40.640965,-73.922575,40.640965,-73.922575,[],,0,,,09:00:00,18:00:00,,,,,,,DELIVERY,0,0,,0,0,,,BKEK,rassdetr,20170824,1
,"2017-11-20 07:32:04",23909658,,,"Unknown address 4357",,403634,,,,,,,0,,40.640801,-73.922927,40.640801,-73.922927,"[{""daily"":{""every"":1},""enabled"":true,""mode"":""daily""}]",,0,,,09:00:00,18:00:00,,,,,,,DELIVERY,,,,,,,,BKLA,tcallana,20170814,52
,"2017-11-20 07:59:33",23910170,,,"Unknown address 3878",,403634,,,,,,,,,40.641027,-73.92276,40.641027,-73.92276,[],,0,,,09:00:00,18:00:00,,,,,,,DELIVERY,0,0,,0,0,,,BKFE,mimorcig,20170831,52
,"2017-11-20 07:32:05",23909659,,,"Unknown address 3295",,403634,,,,,,,0,,40.64133,-73.922723,40.64133,-73.922723,"[{""daily"":{""every"":1},""enabled"":true,""mode"":""daily""}]",,0,,,09:00:00,18:00:00,,,,,,,DELIVERY,,,,,,,,BKGA,pgengo,20170821,21
,"2017-11-20 07:59:33",23910171,,,"Unknown address 2984",,403634,,,,,,,,,40.585154,-73.926844,40.585154,-73.926844,[],,0,,,09:00:00,18:00:00,,,,,,,DELIVERY,0,0,,0,0,,,BKGC,mblair,20170828,25
,"2017-11-20 07:32:07",23909660,,,"Unknown address 2749",,403634,,,,,,,0,,40.642508,-73.925335,40.642508,-73.925335,"[{""daily"":{""every"":1},""enabled"":true,""mode"":""daily""}]",,0,,,09:00:00,18:00:00,,,,,,,DELIVERY,,,,,,,,BKLC,dasricha,20170809,39
,"2017-11-20 07:59:33",23910172,,,"Unknown address 204",,403634,,,,,,,,,40.64033,-73.922818,40.64033,-73.922818,[],,0,,,09:00:00,18:00:00,,,,,,,DELIVERY,0,0,,0,0,,,BKFE,mimorcig,20170821,34
,"2017-11-20 07:32:08",23909661,,,"Unknown address 3171",,403634,,,,,,,0,,40.641502,-73.922529,40.641502,-73.922529,"[{""daily"":{""every"":1},""enabled"":true,""mode"":""daily""}]",,0,,,09:00:00,18:00:00,,,,,,,DELIVERY,,,,,,,,BKLC,dasricha,20170811,52
,"2017-11-20 07:59:33",23910173,,,"Unknown address 3641",,403634,,,,,,,,,40.641121,-73.922691,40.641121,-73.922691,[],,0,,,09:00:00,18:00:00,,,,,,,DELIVERY,0,0,,0,0,,,BKGD,aramosj,20170817,52
,"2017-11-20 07:32:12",23909662,,,"Unknown address 3619",,403634,,,,,,,0,,40.641134,-73.922827,40.641134,-73.922827,"[{""daily"":{""every"":1},""enabled"":true,""mode"":""daily""}]",,0,,,09:00:00,18:00:00,,,,,,,DELIVERY,,,,,,,,BKGD,aramosj,20170809,21
,"2017-11-20 07:59:33",23910174,,,"Unknown address 3701",,403634,,,,,,,,,40.641095,-73.922323,40.641095,-73.922323,[],,0,,,09:00:00,18:00:00,,,,,,,DELIVERY,0,0,,0,0,,,BKEJ,lgasp01,20170803,1
,"2017-11-20 07:32:13",23909663,,,"Unknown address 3535",,403634,,,,,,,0,,40.641175,-73.922335,40.641175,-73.922335,"[{""daily"":{""every"":1},""enabled"":true,""mode"":""daily""}]",,0,,,09:00:00,18:00:00,,,,,,,DELIVERY,,,,,,,,BKGG,mshabazz,20170830,1
,"2017-11-20 07:59:33",23910175,,,"Unknown address 3899",,403634,,,,,,,,,40.641014,-73.922728,40.641014,-73.922728,[],,0,,,09:00:00,18:00:00,,,,,,,DELIVERY,0,0,,0,0,,,BKEA,clarewhi,20170814,52
,"2017-11-20 07:32:15",23909664,,,"Unknown address 3684",,403634,,,,,,,0,,40.641102,-73.922246,40.641102,-73.922246,"[{""daily"":{""every"":1},""enabled"":true,""mode"":""daily""}]",,0,,,09:00:00,18:00:00,,,,,,,DELIVERY,,,,,,,,BKMB,dwinslow,20170802,1
,"2017-11-20 07:59:33",23910176,,,"Unknown address 3378",,403634,,,,,,,,,40.641265,-73.922456,40.641265,-73.922456,[],,0,,,09:00:00,18:00:00,,,,,,,DELIVERY,0,0,,0,0,,,BKEE,thjones,20170828,52
,"2017-11-20 07:32:16",23909665,,,"Unknown address 3122",,403634,,,,,,,0,,40.641561,-73.922353,40.641561,-73.922353,"[{""daily"":{""every"":1},""enabled"":true,""mode"":""daily""}]",,0,,,09:00:00,18:00:00,,,,,,,DELIVERY,,,,,,,,BKHA,chnoe,20170824,52
,"2017-11-20 07:59:33",23910177,,,"Unknown address 4055",,403634,,,,,,,,,40.640961,-73.922579,40.640961,-73.922579,[],,0,,,09:00:00,18:00:00,,,,,,,DELIVERY,0,0,,0,0,,,BKEK,rassdetr,20170818,1
,"2017-11-20 07:32:17",23909666,,,"Unknown address 4496",,403634,,,,,,,0,,40.640659,-73.923095,40.640659,-73.923095,"[{""daily"":{""every"":1},""enabled"":true,""mode"":""daily""}]",,0,,,09:00:00,18:00:00,,,,,,,DELIVERY,,,,,,,,BKFE,mimorcig,20170814,52
,"2017-11-20 07:59:33",23910178,,,"Unknown address 4283",,403634,,,,,,,,,40.640848,-73.922852,40.640848,-73.922852,[],,0,,,09:00:00,18:00:00,,,,,,,DELIVERY,0,0,,0,0,,,BKEI,coadolph,20170816,52
,"2017-11-20 07:32:18",23909667,,,"Unknown address 3702",,403634,,,,,,,0,,40.641095,-73.92233,40.641095,-73.92233,"[{""daily"":{""every"":1},""enabled"":true,""mode"":""daily""}]",,0,,,09:00:00,18:00:00,,,,,,,DELIVERY,,,,,,,,BKGE,tracbutl,20170822,1
,"2017-11-20 07:59:33",23910179,,,"Unknown address 3345",,403634,,,,,,,,,40.641292,-73.922547,40.641292,-73.922547,[],,0,,,09:00:00,18:00:00,,,,,,,DELIVERY,0,0,,0,0,,,BKLB,pjacobs,20170822,52
,"2017-11-20 07:32:19",23909668,,,"Unknown address 19",,403634,,,,,,,0,,40.640637,-73.92352,40.640637,-73.92352,"[{""daily"":{""every"":1},""enabled"":true,""mode"":""daily""}]",,0,,,09:00:00,18:00:00,,,,,,,DELIVERY,,,,,,,,BKGP,lgasp01,20170807,39
,"2017-11-20 07:59:33",23910180,,,"Unknown address 4086",,403634,,,,,,,,,40.640942,-73.922718,40.640942,-73.922718,[],,0,,,09:00:00,18:00:00,,,,,,,DELIVERY,0,0,,0,0,,,BKLD,lgasp01,20170821,1
,"2017-11-20 07:32:21",23909669,,,"Unknown address 61",,403634,,,,,,,0,,40.640588,-73.922971,40.640588,-73.922971,"[{""daily"":{""every"":1},""enabled"":true,""mode"":""daily""}]",,0,,,09:00:00,18:00:00,,,,,,,DELIVERY,,,,,,,,BKFC,mosolima,20170817,42
,"2017-11-20 07:59:33",23910181,,,"Unknown address 3556",,403634,,,,,,,,,40.641162,-73.922732,40.641162,-73.922732,[],,0,,,09:00:00,18:00:00,,,,,,,DELIVERY,0,0,,0,0,,,BKGE,tracbutl,20170828,52
,"2017-11-20 07:32:24",23909670,,,"Unknown address 3552",,403634,,,,,,,0,,40.641165,-73.921627,40.641165,-73.921627,"[{""daily"":{""every"":1},""enabled"":true,""mode"":""daily""}]",,0,,,09:00:00,18:00:00,,,,,,,DELIVERY,,,,,,,,BKEB,lgasp01,20170822,42
,"2017-11-20 07:59:33",23910182,,,"Unknown address 3877",,403634,,,,,,,,,40.641027,-73.922882,40.641027,-73.922882,[],,0,,,09:00:00,18:00:00,,,,,,,DELIVERY,0,0,,0,0,,,BKEC,jcondon,20170808,52
,"2017-11-20 07:32:25",23909671,,,"Unknown address 2836",,403634,,,,,,,0,,40.642265,-73.923254,40.642265,-73.923254,"[{""daily"":{""every"":1},""enabled"":true,""mode"":""daily""}]",,0,,,09:00:00,18:00:00,,,,,,,DELIVERY,,,,,,,,BKEE,thjones,20170814,65
,"2017-11-20 07:59:33",23910183,,,"Unknown address 3749",,403634,,,,,,,,,40.641079,-73.922468,40.641079,-73.922468,[],,0,,,09:00:00,18:00:00,,,,,,,DELIVERY,0,0,,0,0,,,BKGH,racasian,20170814,1
,"2017-11-20 07:32:26",23909672,,,"Unknown address 3529",,403634,,,,,,,0,,40.641178,-73.922786,40.641178,-73.922786,"[{""daily"":{""every"":1},""enabled"":true,""mode"":""daily""}]",,0,,,09:00:00,18:00:00,,,,,,,DELIVERY,,,,,,,,BKEB,pcallana,20170803,52
,"2017-11-20 07:59:33",23910184,,,"Unknown address 4102",,403634,,,,,,,,,40.640936,-73.923348,40.640936,-73.923348,[],,0,,,09:00:00,18:00:00,,,,,,,DELIVERY,0,0,,0,0,,,BKGE,tracbutl,20170828,65
,"2017-11-20 07:32:27",23909673,,,"Unknown address 4189",,403634,,,,,,,0,,40.640897,-73.922669,40.640897,-73.922669,"[{""daily"":{""every"":1},""enabled"":true,""mode"":""daily""}]",,0,,,09:00:00,18:00:00,,,,,,,DELIVERY,,,,,,,,BKEA,clarewhi,20170824,1
,"2017-11-20 07:59:33",23910185,,,"Unknown address 5",,403634,,,,,,,,,40.640651,-73.923201,40.640651,-73.923201,[],,0,,,09:00:00,18:00:00,,,,,,,DELIVERY,0,0,,0,0,,,BKGB,vporti,20170828,21
,"2017-11-20 07:32:31",23909674,,,"Unknown address 3399",,403634,,,,,,,0,,40.641251,-73.922612,40.641251,-73.922612,"[{""daily"":{""every"":1},""enabled"":true,""mode"":""daily""}]",,0,,,09:00:00,18:00:00,,,,,,,DELIVERY,,,,,,,,BKHA,chnoe,20170821,52
,"2017-11-20 07:59:33",23910186,,,"Unknown address 3879",,403634,,,,,,,,,40.641026,-73.921988,40.641026,-73.921988,[],,0,,,09:00:00,18:00:00,,,,,,,DELIVERY,0,0,,0,0,,,BKGA,pgengo,20170808,42
,"2017-11-20 07:32:33",23909675,,,"Unknown address 3248",,403634,,,,,,,0,,40.641378,-73.922437,40.641378,-73.922437,"[{""daily"":{""every"":1},""enabled"":true,""mode"":""daily""}]",,0,,,09:00:00,18:00:00,,,,,,,DELIVERY,,,,,,,,BKEE,thjones,20170831,52
,"2017-11-20 07:59:33",23910187,,,"Unknown address 3766",,403634,,,,,,,,,40.641076,-73.922917,40.641076,-73.922917,[],,0,,,09:00:00,18:00:00,,,,,,,DELIVERY,0,0,,0,0,,,BKFB,lgasp01,20170831,21
,"2017-11-20 07:32:34",23909676,,,"Unknown address 4023",,403634,,,,,,,0,,40.640975,-73.92258,40.640975,-73.92258,"[{""daily"":{""every"":1},""enabled"":true,""mode"":""daily""}]",,0,,,09:00:00,18:00:00,,,,,,,DELIVERY,,,,,,,,BKFE,mimorcig,20170815,1
,"2017-11-20 07:59:33",23910188,,,"Unknown address 3160",,403634,,,,,,,,,40.641514,-73.922748,40.641514,-73.922748,[],,0,,,09:00:00,18:00:00,,,,,,,DELIVERY,0,0,,0,0,,,BKEA,clarewhi,20170804,21
,"2017-11-20 07:32:36",23909677,,,"Unknown address 3946",,403634,,,,,,,0,,40.640999,-73.922448,40.640999,-73.922448,"[{""daily"":{""every"":1},""enabled"":true,""mode"":""daily""}]",,0,,,09:00:00,18:00:00,,,,,,,DELIVERY,,,,,,,,BKGF,pjohn,20170817,1
,"2017-11-20 07:59:33",23910189,,,"Unknown address 4037",,403634,,,,,,,,,40.64097,-73.922512,40.64097,-73.922512,[],,0,,,09:00:00,18:00:00,,,,,,,DELIVERY,0,0,,0,0,,,BKEK,rassdetr,20170825,1
,"2017-11-20 07:32:37",23909678,,,"Unknown address 3074",,403634,,,,,,,0,,40.641673,-73.922652,40.641673,-73.922652,"[{""daily"":{""every"":1},""enabled"":true,""mode"":""daily""}]",,0,,,09:00:00,18:00:00,,,,,,,DELIVERY,,,,,,,,BKEG,wyuen,20170824,21
,"2017-11-20 07:59:33",23910190,,,"Unknown address 3381",,403634,,,,,,,,,40.641263,-73.922531,40.641263,-73.922531,[],,0,,,09:00:00,18:00:00,,,,,,,DELIVERY,0,0,,0,0,,,BKFB,lgasp01,20170810,52
,"2017-11-20 07:32:38",23909679,,,"Unknown address 3651",,403634,,,,,,,0,,40.641116,-73.922643,40.641116,-73.922643,"[{""daily"":{""every"":1},""enabled"":true,""mode"":""daily""}]",,0,,,09:00:00,18:00:00,,,,,,,DELIVERY,,,,,,,,BKFE,mimorcig,20170825,52
,"2017-11-20 07:59:33",23910191,,,"Unknown address 3110",,403634,,,,,,,,,40.583695,-73.958496,40.583695,-73.958496,[],,0,,,09:00:00,18:00:00,,,,,,,DELIVERY,0,0,,0,0,,,BKGA,hlacan,20170817,44
,"2017-11-20 07:32:39",23909680,,,"Unknown address 3622",,403634,,,,,,,0,,40.641131,-73.922729,40.641131,-73.922729,"[{""daily"":{""every"":1},""enabled"":true,""mode"":""daily""}]",,0,,,09:00:00,18:00:00,,,,,,,DELIVERY,,,,,,,,BKGI,lgasp01,20170811,52
,"2017-11-20 07:59:33",23910192,,,"Unknown address 4216",,403634,,,,,,,,,40.640881,-73.923085,40.640881,-73.923085,[],,0,,,09:00:00,18:00:00,,,,,,,DELIVERY,0,0,,0,0,,,BKLA,pjacobs,20170804,21
,"2017-11-20 07:32:42",23909681,,,"Unknown address 4148",,403634,,,,,,,0,,40.640915,-73.922823,40.640915,-73.922823,"[{""daily"":{""every"":1},""enabled"":true,""mode"":""daily""}]",,0,,,09:00:00,18:00:00,,,,,,,DELIVERY,,,,,,,,BKEB,lgasp01,20170823,52
,"2017-11-20 07:59:33",23910193,,,"Unknown address 3875",,403634,,,,,,,,,40.641028,-73.922464,40.641028,-73.922464,[],,0,,,09:00:00,18:00:00,,,,,,,DELIVERY,0,0,,0,0,,,BKFB,lgasp01,20170824,1
,"2017-11-20 07:32:43",23909682,,,"Unknown address 3525",,403634,,,,,,,0,,40.64118,-73.92237,40.64118,-73.92237,"[{""daily"":{""every"":1},""enabled"":true,""mode"":""daily""}]",,0,,,09:00:00,18:00:00,,,,,,,DELIVERY,,,,,,,,BKFB,lgasp01,20170809,1
,"2017-11-20 07:59:33",23910194,,,"Unknown address 3359",,403634,,,,,,,,,40.641285,-73.922425,40.641285,-73.922425,[],,0,,,09:00:00,18:00:00,,,,,,,DELIVERY,0,0,,0,0,,,BKFB,lgasp01,20170821,52
,"2017-11-20 07:32:43",23909683,,,"Unknown address 3865",,403634,,,,,,,0,,40.641031,-73.9226,40.641031,-73.9226,"[{""daily"":{""every"":1},""enabled"":true,""mode"":""daily""}]",,0,,,09:00:00,18:00:00,,,,,,,DELIVERY,,,,,,,,BKGF,pjohn,20170803,1
,"2017-11-20 07:59:33",23910195,,,"Unknown address 3992",,403634,,,,,,,,,40.640987,-73.92285,40.640987,-73.92285,[],,0,,,09:00:00,18:00:00,,,,,,,DELIVERY,0,0,,0,0,,,BKEC,jcondon,20170804,52
,"2017-11-20 07:32:46",23909684,,,"Unknown address 3753",,403634,,,,,,,0,,40.641079,-73.922457,40.641079,-73.922457,"[{""daily"":{""every"":1},""enabled"":true,""mode"":""daily""}]",,0,,,09:00:00,18:00:00,,,,,,,DELIVERY,,,,,,,,BKFA,fgalioto,20170830,1
,"2017-11-20 07:59:33",23910196,,,"Unknown address 3223",,403634,,,,,,,,,40.641421,-73.922191,40.641421,-73.922191,[],,0,,,09:00:00,18:00:00,,,,,,,DELIVERY,0,0,,0,0,,,BKFB,lgasp01,20170817,1
,"2017-11-20 07:32:50",23909685,,,"Unknown address 4152",,403634,,,,,,,0,,40.640913,-73.922452,40.640913,-73.922452,"[{""daily"":{""every"":1},""enabled"":true,""mode"":""daily""}]",,0,,,09:00:00,18:00:00,,,,,,,DELIVERY,,,,,,,,BKGP,lgasp01,20170822,1
,"2017-11-20 07:59:33",23910197,,,"Unknown address 4075",,403634,,,,,,,,,40.640947,-73.922403,40.640947,-73.922403,[],,0,,,09:00:00,18:00:00,,,,,,,DELIVERY,0,0,,0,0,,,BKGP,lgasp01,20170824,1
,"2017-11-20 07:32:51",23909686,,,"Unknown address 2136",,403634,,,,,,,0,,40.644467,-74.0124,40.644467,-74.0124,"[{""daily"":{""every"":1},""enabled"":true,""mode"":""daily""}]",,0,,,09:00:00,18:00:00,,,,,,,DELIVERY,,,,,,,,BKEC,jcondon,20170829,60
,"2017-11-20 07:59:33",23910198,,,"Unknown address 3829",,403634,,,,,,,,,40.64105,-73.922593,40.64105,-73.922593,[],,0,,,09:00:00,18:00:00,,,,,,,DELIVERY,0,0,,0,0,,,BKGI,lgasp01,20170814,1
,"2017-11-20 07:32:52",23909687,,,"Unknown address 3374",,403634,,,,,,,0,,40.641271,-73.922456,40.641271,-73.922456,"[{""daily"":{""every"":1},""enabled"":true,""mode"":""daily""}]",,0,,,09:00:00,18:00:00,,,,,,,DELIVERY,,,,,,,,BKEE,thjones,20170817,52
,"2017-11-20 07:59:33",23910199,,,"Unknown address 3343",,403634,,,,,,,,,40.641295,-73.922478,40.641295,-73.922478,[],,0,,,09:00:00,18:00:00,,,,,,,DELIVERY,0,0,,0,0,,,BKGA,pgengo,20170809,52
,"2017-11-20 07:32:55",23909688,,,"Unknown address 3617",,403634,,,,,,,0,,40.641136,-73.922382,40.641136,-73.922382,"[{""daily"":{""every"":1},""enabled"":true,""mode"":""daily""}]",,0,,,09:00:00,18:00:00,,,,,,,DELIVERY,,,,,,,,BKEG,hlacan,20170807,1
,"2017-11-20 07:59:33",23910200,,,"Unknown address 170",,403634,,,,,,,,,40.640392,-73.922618,40.640392,-73.922618,[],,0,,,09:00:00,18:00:00,,,,,,,DELIVERY,0,0,,0,0,,,BKEB,pcallana,20170810,34
,"2017-11-20 07:32:59",23909689,,,"Unknown address 3665",,403634,,,,,,,0,,40.641111,-73.922325,40.641111,-73.922325,"[{""daily"":{""every"":1},""enabled"":true,""mode"":""daily""}]",,0,,,09:00:00,18:00:00,,,,,,,DELIVERY,,,,,,,,BKFD,sromans,20170803,1
,"2017-11-20 07:59:33",23910201,,,"Unknown address 3893",,403634,,,,,,,,,40.641016,-73.922892,40.641016,-73.922892,[],,0,,,09:00:00,18:00:00,,,,,,,DELIVERY,0,0,,0,0,,,BKEA,clarewhi,20170803,52
,"2017-11-20 07:33:00",23909690,,,"Unknown address 3632",,403634,,,,,,,0,,40.641126,-73.922526,40.641126,-73.922526,"[{""daily"":{""every"":1},""enabled"":true,""mode"":""daily""}]",,0,,,09:00:00,18:00:00,,,,,,,DELIVERY,,,,,,,,BKFB,lgasp01,20170824,1
,"2017-11-20 07:59:33",23910202,,,"Unknown address 4434",,403634,,,,,,,,,40.640733,-73.923156,40.640733,-73.923156,[],,0,,,09:00:00,18:00:00,,,,,,,DELIVERY,0,0,,0,0,,,BKLB,pjacobs,20170825,21
,"2017-11-20 07:33:03",23909691,,,"Unknown address 4401",,403634,,,,,,,0,,40.640759,-73.922628,40.640759,-73.922628,"[{""daily"":{""every"":1},""enabled"":true,""mode"":""daily""}]",,0,,,09:00:00,18:00:00,,,,,,,DELIVERY,,,,,,,,BKGI,coadolph,20170817,42
,"2017-11-20 07:59:33",23910203,,,"Unknown address 3598",,403634,,,,,,,,,40.641143,-73.922502,40.641143,-73.922502,[],,0,,,09:00:00,18:00:00,,,,,,,DELIVERY,0,0,,0,0,,,BKFB,lgasp01,20170825,1
,"2017-11-20 07:33:04",23909692,,,"Unknown address 220",,403634,,,,,,,0,,40.640304,-73.923187,40.640304,-73.923187,"[{""daily"":{""every"":1},""enabled"":true,""mode"":""daily""}]",,0,,,09:00:00,18:00:00,,,,,,,DELIVERY,,,,,,,,BKLB,pjacobs,20170829,34
,"2017-11-20 07:59:33",23910204,,,"Unknown address 4134",,403634,,,,,,,,,40.640921,-73.922869,40.640921,-73.922869,[],,0,,,09:00:00,18:00:00,,,,,,,DELIVERY,0,0,,0,0,,,BKFC,mosolima,20170831,52
,"2017-11-20 07:33:05",23909693,,,"Unknown address 59",,403634,,,,,,,0,,40.640593,-73.923265,40.640593,-73.923265,"[{""daily"":{""every"":1},""enabled"":true,""mode"":""daily""}]",,0,,,09:00:00,18:00:00,,,,,,,DELIVERY,,,,,,,,BKGD,erlin,20170825,21
,"2017-11-20 07:59:33",23910205,,,"Unknown address 3959",,403634,,,,,,,,,40.640994,-73.922873,40.640994,-73.922873,[],,0,,,09:00:00,18:00:00,,,,,,,DELIVERY,0,0,,0,0,,,BKEC,hlacan,20170811,52
,"2017-11-20 07:33:07",23909694,,,"Unknown address 3613",,403634,,,,,,,0,,40.641139,-73.922318,40.641139,-73.922318,"[{""daily"":{""every"":1},""enabled"":true,""mode"":""daily""}]",,0,,,09:00:00,18:00:00,,,,,,,DELIVERY,,,,,,,,BKGE,tracbutl,20170808,1
,"2017-11-20 07:59:33",23910206,,,"Unknown address 12",,403634,,,,,,,,,40.640642,-73.922718,40.640642,-73.922718,[],,0,,,09:00:00,18:00:00,,,,,,,DELIVERY,0,0,,0,0,,,BKHA,chnoe,20170809,42
,"2017-11-20 07:33:08",23909695,,,"Unknown address 3970",,403634,,,,,,,0,,40.640991,-73.922756,40.640991,-73.922756,"[{""daily"":{""every"":1},""enabled"":true,""mode"":""daily""}]",,0,,,09:00:00,18:00:00,,,,,,,DELIVERY,,,,,,,,BKEA,gregohil,20170809,52
,"2017-11-20 07:59:33",23910207,,,"Unknown address 3490",,403634,,,,,,,,,40.641197,-73.922552,40.641197,-73.922552,[],,0,,,09:00:00,18:00:00,,,,,,,DELIVERY,0,0,,0,0,,,BKGB,erlin,20170823,52
,"2017-11-20 07:33:10",23909696,,,"Unknown address 4141",,403634,,,,,,,0,,40.640918,-73.922852,40.640918,-73.922852,"[{""daily"":{""every"":1},""enabled"":true,""mode"":""daily""}]",,0,,,09:00:00,18:00:00,,,,,,,DELIVERY,,,,,,,,BKHC,jexanthu,20170809,52
,"2017-11-20 07:59:33",23910208,,,"Unknown address 4194",,403634,,,,,,,,,40.640895,-73.922667,40.640895,-73.922667,[],,0,,,09:00:00,18:00:00,,,,,,,DELIVERY,0,0,,0,0,,,BKFH,lgasp01,20170818,1
,"2017-11-20 07:33:11",23909697,,,"Unknown address 27",,403634,,,,,,,0,,40.640626,-73.922015,40.640626,-73.922015,"[{""daily"":{""every"":1},""enabled"":true,""mode"":""daily""}]",,0,,,09:00:00,18:00:00,,,,,,,DELIVERY,,,,,,,,BKGC,mblair,20170829,34
,"2017-11-20 07:33:14",23909698,,,"Unknown address 2357",,403634,,,,,,,0,,40.5907,-73.936927,40.5907,-73.936927,"[{""daily"":{""every"":1},""enabled"":true,""mode"":""daily""}]",,0,,,09:00:00,18:00:00,,,,,,,DELIVERY,,,,,,,,BKGC,mblair,20170829,25
,"2017-11-20 07:33:15",23909699,,,"Unknown address 3630",,403634,,,,,,,0,,40.641128,-73.922578,40.641128,-73.922578,"[{""daily"":{""every"":1},""enabled"":true,""mode"":""daily""}]",,0,,,09:00:00,18:00:00,,,,,,,DELIVERY,,,,,,,,BKEA,clarewhi,20170823,52
,"2017-11-20 07:33:16",23909700,,,"Unknown address 4079",,403634,,,,,,,0,,40.640945,-73.92288,40.640945,-73.92288,"[{""daily"":{""every"":1},""enabled"":true,""mode"":""daily""}]",,0,,,09:00:00,18:00:00,,,,,,,DELIVERY,,,,,,,,BKEC,hlacan,20170824,52
,"2017-11-20 07:33:17",23909701,,,"Unknown address 2776",,403634,,,,,,,0,,40.642438,-73.925333,40.642438,-73.925333,"[{""daily"":{""every"":1},""enabled"":true,""mode"":""daily""}]",,0,,,09:00:00,18:00:00,,,,,,,DELIVERY,,,,,,,,BKGI,lgasp01,20170818,39
,"2017-11-20 07:33:18",23909702,,,"Unknown address 3395",,403634,,,,,,,0,,40.641253,-73.922768,40.641253,-73.922768,"[{""daily"":{""every"":1},""enabled"":true,""mode"":""daily""}]",,0,,,09:00:00,18:00:00,,,,,,,DELIVERY,,,,,,,,BKEK,rassdetr,20170830,21
,"2017-11-20 07:33:22",23909703,,,"Unknown address 2414",,403634,,,,,,,0,,40.64362,-73.929554,40.64362,-73.929554,"[{""daily"":{""every"":1},""enabled"":true,""mode"":""daily""}]",,0,,,09:00:00,18:00:00,,,,,,,DELIVERY,,,,,,,,BKGE,tracbutl,20170818,20
,"2017-11-20 07:33:23",23909704,,,"Unknown address 4072",,403634,,,,,,,0,,40.640949,-73.922603,40.640949,-73.922603,"[{""daily"":{""every"":1},""enabled"":true,""mode"":""daily""}]",,0,,,09:00:00,18:00:00,,,,,,,DELIVERY,,,,,,,,BKGA,pgengo,20170801,1
,"2017-11-20 07:34:12",23909705,,,"Unknown address 3404",,403634,,,,,,,0,,40.64125,-73.922495,40.64125,-73.922495,"[{""daily"":{""every"":1},""enabled"":true,""mode"":""daily""}]",,0,,,09:00:00,18:00:00,,,,,,,DELIVERY,,,,,,,,BKEE,thjones,20170807,52
,"2017-11-20 07:34:14",23909706,,,"Unknown address 3758",,403634,,,,,,,0,,40.641078,-73.922644,40.641078,-73.922644,"[{""daily"":{""every"":1},""enabled"":true,""mode"":""daily""}]",,0,,,09:00:00,18:00:00,,,,,,,DELIVERY,,,,,,,,BKFE,mimorcig,20170818,52
,"2017-11-20 07:34:15",23909707,,,"Unknown address 4014",,403634,,,,,,,0,,40.640978,-73.922741,40.640978,-73.922741,"[{""daily"":{""every"":1},""enabled"":true,""mode"":""daily""}]",,0,,,09:00:00,18:00:00,,,,,,,DELIVERY,,,,,,,,BKEK,gregohil,20170801,52
,"2017-11-20 07:34:17",23909708,,,"Unknown address 3916",,403634,,,,,,,0,,40.641008,-73.922518,40.641008,-73.922518,"[{""daily"":{""every"":1},""enabled"":true,""mode"":""daily""}]",,0,,,09:00:00,18:00:00,,,,,,,DELIVERY,,,,,,,,BKGD,erlin,20170825,1
,"2017-11-20 07:34:27",23909709,,,"Unknown address 3094",,403634,,,,,,,0,,40.641626,-73.923569,40.641626,-73.923569,"[{""daily"":{""every"":1},""enabled"":true,""mode"":""daily""}]",,0,,,09:00:00,18:00:00,,,,,,,DELIVERY,,,,,,,,BKED,dwinslow,20170831,65
,"2017-11-20 07:59:32",23909973,,,"Unknown address 3999",,403634,,,,,,,,,40.640983,-73.922716,40.640983,-73.922716,[],,0,,,09:00:00,18:00:00,,,,,,,DELIVERY,0,0,,0,0,,,BKMA,vporti,20170821,52
,"2017-11-20 07:59:32",23909974,,,"Unknown address 3523",,403634,,,,,,,,,40.64118,-73.922439,40.64118,-73.922439,[],,0,,,09:00:00,18:00:00,,,,,,,DELIVERY,0,0,,0,0,,,BKFB,lgasp01,20170817,1
,"2017-11-20 07:59:32",23909975,,,"Unknown address 4264",,403634,,,,,,,,,40.640858,-73.922833,40.640858,-73.922833,[],,0,,,09:00:00,18:00:00,,,,,,,DELIVERY,0,0,,0,0,,,BKHA,chnoe,20170817,1
,"2017-11-20 07:59:32",23909976,,,"Unknown address 3582",,403634,,,,,,,,,40.641151,-73.922508,40.641151,-73.922508,[],,0,,,09:00:00,18:00:00,,,,,,,DELIVERY,0,0,,0,0,,,BKGA,pgengo,20170804,52
,"2017-11-20 07:59:32",23909977,,,"Unknown address 3405",,403634,,,,,,,,,40.641249,-73.922499,40.641249,-73.922499,[],,0,,,09:00:00,18:00:00,,,,,,,DELIVERY,0,0,,0,0,,,BKEE,thjones,20170818,52
,"2017-11-20 07:59:32",23909978,,,"Unknown address 4110",,403634,,,,,,,,,40.640934,-73.922847,40.640934,-73.922847,[],,0,,,09:00:00,18:00:00,,,,,,,DELIVERY,0,0,,0,0,,,BKGE,tracbutl,20170802,52
,"2017-11-20 07:59:32",23909979,,,"Unknown address 4142",,403634,,,,,,,,,40.640918,-73.922572,40.640918,-73.922572,[],,0,,,09:00:00,18:00:00,,,,,,,DELIVERY,0,0,,0,0,,,BKHB,lgasp01,20170804,1
,"2017-11-20 07:59:32",23909980,,,"Unknown address 2942",,403634,,,,,,,,,40.642001,-73.923212,40.642001,-73.923212,[],,0,,,09:00:00,18:00:00,,,,,,,DELIVERY,0,0,,0,0,,,BKEJ,lgasp01,20170814,65
,"2017-11-20 07:59:32",23909981,,,"Unknown address 3698",,403634,,,,,,,,,40.641097,-73.922181,40.641097,-73.922181,[],,0,,,09:00:00,18:00:00,,,,,,,DELIVERY,0,0,,0,0,,,BKGH,racasian,20170830,1
,"2017-11-20 07:59:32",23909982,,,"Unknown address 4150",,403634,,,,,,,,,40.640915,-73.922594,40.640915,-73.922594,[],,0,,,09:00:00,18:00:00,,,,,,,DELIVERY,0,0,,0,0,,,BKLC,dasricha,20170830,1
,"2017-11-20 07:59:32",23909983,,,"Unknown address 3639",,403634,,,,,,,,,40.641124,-73.922738,40.641124,-73.922738,[],,0,,,09:00:00,18:00:00,,,,,,,DELIVERY,0,0,,0,0,,,BKEK,rassdetr,20170815,52
,"2017-11-20 07:59:32",23909984,,,"Unknown address 4052",,403634,,,,,,,,,40.640962,-73.922862,40.640962,-73.922862,[],,0,,,09:00:00,18:00:00,,,,,,,DELIVERY,0,0,,0,0,,,BKEC,jcondon,20170830,52
,"2017-11-20 07:59:32",23909985,,,"Unknown address 4344",,403634,,,,,,,,,40.640807,-73.922809,40.640807,-73.922809,[],,0,,,09:00:00,18:00:00,,,,,,,DELIVERY,0,0,,0,0,,,BKGG,mshabazz,20170809,1
,"2017-11-20 07:59:32",23909986,,,"Unknown address 96",,403634,,,,,,,,,40.640532,-73.923236,40.640532,-73.923236,[],,0,,,09:00:00,18:00:00,,,,,,,DELIVERY,0,0,,0,0,,,BKLA,tcallana,20170803,52
,"2017-11-20 07:59:32",23909987,,,"Unknown address 3870",,403634,,,,,,,,,40.641029,-73.922718,40.641029,-73.922718,[],,0,,,09:00:00,18:00:00,,,,,,,DELIVERY,0,0,,0,0,,,BKFD,sromans,20170811,52
,"2017-11-20 07:59:32",23909988,,,"Unknown address 3561",,403634,,,,,,,,,40.641161,-73.922219,40.641161,-73.922219,[],,0,,,09:00:00,18:00:00,,,,,,,DELIVERY,0,0,,0,0,,,BKFA,hlacan,20170816,1
,"2017-11-20 07:59:32",23909989,,,"Unknown address 4349",,403634,,,,,,,,,40.640805,-73.922949,40.640805,-73.922949,[],,0,,,09:00:00,18:00:00,,,,,,,DELIVERY,0,0,,0,0,,,BKGG,mshabazz,20170801,52
,"2017-11-20 07:59:32",23909990,,,"Unknown address 4081",,403634,,,,,,,,,40.640945,-73.922493,40.640945,-73.922493,[],,0,,,09:00:00,18:00:00,,,,,,,DELIVERY,0,0,,0,0,,,BKFA,fgalioto,20170810,1
,"2017-11-20 07:59:32",23909991,,,"Unknown address 3366",,403634,,,,,,,,,40.64128,-73.922498,40.64128,-73.922498,[],,0,,,09:00:00,18:00:00,,,,,,,DELIVERY,0,0,,0,0,,,BKFA,lgasp01,20170818,52
,"2017-11-20 07:59:32",23909992,,,"Unknown address 4377",,403634,,,,,,,,,40.640782,-73.922821,40.640782,-73.922821,[],,0,,,09:00:00,18:00:00,,,,,,,DELIVERY,0,0,,0,0,,,BKFC,mosolima,20170809,1
,"2017-11-20 07:59:32",23909993,,,"Unknown address 3941",,403634,,,,,,,,,40.641,-73.922648,40.641,-73.922648,[],,0,,,09:00:00,18:00:00,,,,,,,DELIVERY,0,0,,0,0,,,BKEA,clarewhi,20170829,1
,"2017-11-20 07:59:32",23909994,,,"Unknown address 4064",,403634,,,,,,,,,40.640956,-73.922486,40.640956,-73.922486,[],,0,,,09:00:00,18:00:00,,,,,,,DELIVERY,0,0,,0,0,,,BKGB,vporti,20170810,1
,"2017-11-20 07:59:32",23909995,,,"Unknown address 3143",,403634,,,,,,,,,40.641537,-73.923183,40.641537,-73.923183,[],,0,,,09:00:00,18:00:00,,,,,,,DELIVERY,0,0,,0,0,,,BKFC,mosolima,20170830,65
,"2017-11-20 07:59:32",23909996,,,"Unknown address 3531",,403634,,,,,,,,,40.641177,-73.92228,40.641177,-73.92228,[],,0,,,09:00:00,18:00:00,,,,,,,DELIVERY,0,0,,0,0,,,BKGH,racasian,20170821,1
,"2017-11-20 07:59:32",23909997,,,"Unknown address 3840",,403634,,,,,,,,,40.641044,-73.92284,40.641044,-73.92284,[],,0,,,09:00:00,18:00:00,,,,,,,DELIVERY,0,0,,0,0,,,BKED,dwinslow,20170816,52
,"2017-11-20 07:59:32",23909998,,,"Unknown address 3108",,403634,,,,,,,,,40.641584,-73.9219,40.641584,-73.9219,[],,0,,,09:00:00,18:00:00,,,,,,,DELIVERY,0,0,,0,0,,,BKLA,tcallana,20170816,1
,"2017-11-20 07:59:32",23909999,,,"Unknown address 2838",,403634,,,,,,,,,40.642261,-73.953066,40.642261,-73.953066,[],,0,,,09:00:00,18:00:00,,,,,,,DELIVERY,0,0,,0,0,,,BKGE,tracbutl,20170831,35
,"2017-11-20 07:59:32",23910000,,,"Unknown address 18",,403634,,,,,,,,,40.640637,-73.92342,40.640637,-73.92342,[],,0,,,09:00:00,18:00:00,,,,,,,DELIVERY,0,0,,0,0,,,BKEG,wyuen,20170818,65
,"2017-11-20 07:59:32",23910001,,,"Unknown address 4347",,403634,,,,,,,,,40.640805,-73.922351,40.640805,-73.922351,[],,0,,,09:00:00,18:00:00,,,,,,,DELIVERY,0,0,,0,0,,,BKGH,racasian,20170825,42
,"2017-11-20 07:59:32",23910002,,,"Unknown address 4068",,403634,,,,,,,,,40.640952,-73.922367,40.640952,-73.922367,[],,0,,,09:00:00,18:00:00,,,,,,,DELIVERY,0,0,,0,0,,,BKEG,wyuen,20170814,1
,"2017-11-20 07:59:32",23910003,,,"Unknown address 3915",,403634,,,,,,,,,40.641008,-73.922474,40.641008,-73.922474,[],,0,,,09:00:00,18:00:00,,,,,,,DELIVERY,0,0,,0,0,,,BKFE,mimorcig,20170818,1
,"2017-11-20 07:59:32",23910004,,,"Unknown address 164",,403634,,,,,,,,,40.640401,-73.921827,40.640401,-73.921827,[],,0,,,09:00:00,18:00:00,,,,,,,DELIVERY,0,0,,0,0,,,BKEE,thjones,20170816,34
,"2017-11-20 07:59:32",23910005,,,"Unknown address 3742",,403634,,,,,,,,,40.641081,-73.92235,40.641081,-73.92235,[],,0,,,09:00:00,18:00:00,,,,,,,DELIVERY,0,0,,0,0,,,BKEK,rassdetr,20170823,1
,"2017-11-20 07:59:32",23910006,,,"Unknown address 4176",,403634,,,,,,,,,40.640904,-73.922819,40.640904,-73.922819,[],,0,,,09:00:00,18:00:00,,,,,,,DELIVERY,0,0,,0,0,,,BKGG,mshabazz,20170804,52
,"2017-11-20 07:59:32",23910007,,,"Unknown address 3256",,403634,,,,,,,,,40.641369,-73.922756,40.641369,-73.922756,[],,0,,,09:00:00,18:00:00,,,,,,,DELIVERY,0,0,,0,0,,,BKGA,gregohil,20170830,21
,"2017-11-20 07:27:58",23909496,,,"Unknown address 4330",,403634,,,,,,,0,,40.640818,-73.922568,40.640818,-73.922568,"[{""daily"":{""every"":1},""enabled"":true,""mode"":""daily""}]",,0,,,09:00:00,18:00:00,,,,,,,DELIVERY,,,,,,,,BKGE,tracbutl,20170824,42
,"2017-11-20 07:59:32",23910008,,,"Unknown address 3745",,403634,,,,,,,,,40.64108,-73.922448,40.64108,-73.922448,[],,0,,,09:00:00,18:00:00,,,,,,,DELIVERY,0,0,,0,0,,,BKHC,jexanthu,20170810,1
,"2017-11-20 07:27:59",23909497,,,"Unknown address 4215",,403634,,,,,,,0,,40.640882,-73.922956,40.640882,-73.922956,"[{""daily"":{""every"":1},""enabled"":true,""mode"":""daily""}]",,0,,,09:00:00,18:00:00,,,,,,,DELIVERY,,,,,,,,BKGP,lgasp01,20170818,52
,"2017-11-20 07:59:33",23910009,,,"Unknown address 4293",,403634,,,,,,,,,40.640844,-73.922892,40.640844,-73.922892,[],,0,,,09:00:00,18:00:00,,,,,,,DELIVERY,0,0,,0,0,,,BKHA,chnoe,20170804,52
,"2017-11-20 07:28:00",23909498,,,"Unknown address 3926",,403634,,,,,,,0,,40.641004,-73.921176,40.641004,-73.921176,"[{""daily"":{""every"":1},""enabled"":true,""mode"":""daily""}]",,0,,,09:00:00,18:00:00,,,,,,,DELIVERY,,,,,,,,BKGP,lgasp01,20170810,42
,"2017-11-20 07:59:33",23910010,,,"Unknown address 4477",,403634,,,,,,,,,40.640682,-73.922668,40.640682,-73.922668,[],,0,,,09:00:00,18:00:00,,,,,,,DELIVERY,0,0,,0,0,,,BKEA,clarewhi,20170807,42
,"2017-11-20 07:28:02",23909499,,,"Unknown address 4391",,403634,,,,,,,0,,40.640769,-73.922355,40.640769,-73.922355,"[{""daily"":{""every"":1},""enabled"":true,""mode"":""daily""}]",,0,,,09:00:00,18:00:00,,,,,,,DELIVERY,,,,,,,,BKGA,pgengo,20170824,42
,"2017-11-20 07:59:33",23910011,,,"Unknown address 4032",,403634,,,,,,,,,40.640972,-73.922744,40.640972,-73.922744,[],,0,,,09:00:00,18:00:00,,,,,,,DELIVERY,0,0,,0,0,,,BKEI,lgasp01,20170830,52
,"2017-11-20 07:28:03",23909500,,,"Unknown address 4137",,403634,,,,,,,0,,40.64092,-73.922879,40.64092,-73.922879,"[{""daily"":{""every"":1},""enabled"":true,""mode"":""daily""}]",,0,,,09:00:00,18:00:00,,,,,,,DELIVERY,,,,,,,,BKEC,jcondon,20170807,52
,"2017-11-20 07:59:33",23910012,,,"Unknown address 3055",,403634,,,,,,,,,40.641721,-73.922917,40.641721,-73.922917,[],,0,,,09:00:00,18:00:00,,,,,,,DELIVERY,0,0,,0,0,,,BKGH,racasian,20170808,21
,"2017-11-20 07:28:05",23909501,,,"Unknown address 4343",,403634,,,,,,,0,,40.630103,-74.033476,40.630103,-74.033476,"[{""daily"":{""every"":1},""enabled"":true,""mode"":""daily""}]",,0,,,09:00:00,18:00:00,,,,,,,DELIVERY,,,,,,,,BKEA,clarewhi,20170801,5
,"2017-11-20 07:59:33",23910013,,,"Unknown address 3296",,403634,,,,,,,,,40.641329,-73.923446,40.641329,-73.923446,[],,0,,,09:00:00,18:00:00,,,,,,,DELIVERY,0,0,,0,0,,,BKFC,mosolima,20170814,65
,"2017-11-20 07:28:07",23909502,,,"Unknown address 3581",,403634,,,,,,,0,,40.641151,-73.922259,40.641151,-73.922259,"[{""daily"":{""every"":1},""enabled"":true,""mode"":""daily""}]",,0,,,09:00:00,18:00:00,,,,,,,DELIVERY,,,,,,,,BKGG,mshabazz,20170821,1
,"2017-11-20 07:59:33",23910014,,,"Unknown address 4254",,403634,,,,,,,,,40.640866,-73.922501,40.640866,-73.922501,[],,0,,,09:00:00,18:00:00,,,,,,,DELIVERY,0,0,,0,0,,,BKHA,rassdetr,20170810,42
,"2017-11-20 07:28:08",23909503,,,"Unknown address 3516",,403634,,,,,,,0,,40.641185,-73.922544,40.641185,-73.922544,"[{""daily"":{""every"":1},""enabled"":true,""mode"":""daily""}]",,0,,,09:00:00,18:00:00,,,,,,,DELIVERY,,,,,,,,BKEE,thjones,20170810,52
,"2017-11-20 07:59:33",23910015,,,"Unknown address 4285",,403634,,,,,,,,,40.640848,-73.922566,40.640848,-73.922566,[],,0,,,09:00:00,18:00:00,,,,,,,DELIVERY,0,0,,0,0,,,BKHC,jexanthu,20170818,42
,"2017-11-20 07:28:09",23909504,,,"Unknown address 3330",,403634,,,,,,,0,,40.641305,-73.922744,40.641305,-73.922744,"[{""daily"":{""every"":1},""enabled"":true,""mode"":""daily""}]",,0,,,09:00:00,18:00:00,,,,,,,DELIVERY,,,,,,,,BKMD,lgasp01,20170818,21
,"2017-11-20 07:59:33",23910016,,,"Unknown address 3470",,403634,,,,,,,,,40.641209,-73.922817,40.641209,-73.922817,[],,0,,,09:00:00,18:00:00,,,,,,,DELIVERY,0,0,,0,0,,,BKGF,pjohn,20170818,21
,"2017-11-20 07:28:12",23909505,,,"Unknown address 4223",,403634,,,,,,,0,,40.64088,-73.922842,40.64088,-73.922842,"[{""daily"":{""every"":1},""enabled"":true,""mode"":""daily""}]",,0,,,09:00:00,18:00:00,,,,,,,DELIVERY,,,,,,,,BKFE,mimorcig,20170817,52
,"2017-11-20 07:59:33",23910017,,,"Unknown address 4418",,403634,,,,,,,,,40.640746,-73.922856,40.640746,-73.922856,[],,0,,,09:00:00,18:00:00,,,,,,,DELIVERY,0,0,,0,0,,,BKFC,mosolima,20170818,1
,"2017-11-20 07:28:13",23909506,,,"Unknown address 3415",,403634,,,,,,,0,,40.641243,-73.922518,40.641243,-73.922518,"[{""daily"":{""every"":1},""enabled"":true,""mode"":""daily""}]",,0,,,09:00:00,18:00:00,,,,,,,DELIVERY,,,,,,,,BKEE,thjones,20170811,52
,"2017-11-20 07:59:33",23910018,,,"Unknown address 26",,403634,,,,,,,,,40.64063,-73.922843,40.64063,-73.922843,[],,0,,,09:00:00,18:00:00,,,,,,,DELIVERY,0,0,,0,0,,,BKGC,mblair,20170810,42
,"2017-11-20 07:28:14",23909507,,,"Unknown address 3658",,403634,,,,,,,0,,40.641114,-73.922702,40.641114,-73.922702,"[{""daily"":{""every"":1},""enabled"":true,""mode"":""daily""}]",,0,,,09:00:00,18:00:00,,,,,,,DELIVERY,,,,,,,,BKGF,pjohn,20170811,52
,"2017-11-20 07:59:33",23910019,,,"Unknown address 3760",,403634,,,,,,,,,40.641077,-73.922511,40.641077,-73.922511,[],,0,,,09:00:00,18:00:00,,,,,,,DELIVERY,0,0,,0,0,,,BKHC,lgasp01,20170803,1
,"2017-11-20 07:28:16",23909508,,,"Unknown address 3452",,403634,,,,,,,0,,40.641219,-73.922945,40.641219,-73.922945,"[{""daily"":{""every"":1},""enabled"":true,""mode"":""daily""}]",,0,,,09:00:00,18:00:00,,,,,,,DELIVERY,,,,,,,,BKFC,lgasp01,20170803,21
,"2017-11-20 07:59:33",23910020,,,"Unknown address 2790",,403634,,,,,,,,,40.642387,-73.92584,40.642387,-73.92584,[],,0,,,09:00:00,18:00:00,,,,,,,DELIVERY,0,0,,0,0,,,BKGI,lgasp01,20170821,39
,"2017-11-20 07:28:17",23909509,,,"Unknown address 3666",,403634,,,,,,,0,,40.64111,-73.922611,40.64111,-73.922611,"[{""daily"":{""every"":1},""enabled"":true,""mode"":""daily""}]",,0,,,09:00:00,18:00:00,,,,,,,DELIVERY,,,,,,,,BKEE,thjones,20170829,52
,"2017-11-20 07:59:33",23910021,,,"Unknown address 267",,403634,,,,,,,,,40.678294,-73.948129,40.678294,-73.948129,[],,0,,,09:00:00,18:00:00,,,,,,,DELIVERY,0,0,,0,0,,,BKHC,dasricha,20170825,19
,"2017-11-20 07:28:19",23909510,,,"Unknown address 3491",,403634,,,,,,,0,,40.641197,-73.922678,40.641197,-73.922678,"[{""daily"":{""every"":1},""enabled"":true,""mode"":""daily""}]",,0,,,09:00:00,18:00:00,,,,,,,DELIVERY,,,,,,,,BKGG,mshabazz,20170824,52
,"2017-11-20 07:59:33",23910022,,,"Unknown address 3564",,403634,,,,,,,,,40.613202,-73.944259,40.613202,-73.944259,[],,0,,,09:00:00,18:00:00,,,,,,,DELIVERY,0,0,,0,0,,,BKGC,mblair,20170828,54
,"2017-11-20 07:28:20",23909511,,,"Unknown address 3767",,403634,,,,,,,0,,40.641075,-73.922226,40.641075,-73.922226,"[{""daily"":{""every"":1},""enabled"":true,""mode"":""daily""}]",,0,,,09:00:00,18:00:00,,,,,,,DELIVERY,,,,,,,,BKEG,wyuen,20170828,1
,"2017-11-20 07:59:33",23910023,,,"Unknown address 149",,403634,,,,,,,,,40.640431,-73.923006,40.640431,-73.923006,[],,0,,,09:00:00,18:00:00,,,,,,,DELIVERY,0,0,,0,0,,,BKGF,pjohn,20170815,34
,"2017-11-20 07:28:21",23909512,,,"Unknown address 4308",,403634,,,,,,,0,,40.640835,-73.922096,40.640835,-73.922096,"[{""daily"":{""every"":1},""enabled"":true,""mode"":""daily""}]",,0,,,09:00:00,18:00:00,,,,,,,DELIVERY,,,,,,,,BKEG,rassdetr,20170811,42
,"2017-11-20 07:59:33",23910024,,,"Unknown address 3271",,403634,,,,,,,,,40.641353,-73.922696,40.641353,-73.922696,[],,0,,,09:00:00,18:00:00,,,,,,,DELIVERY,0,0,,0,0,,,BKFA,fgalioto,20170808,21
,"2017-11-20 07:28:23",23909513,,,"Unknown address 3932",,403634,,,,,,,0,,40.641003,-73.922506,40.641003,-73.922506,"[{""daily"":{""every"":1},""enabled"":true,""mode"":""daily""}]",,0,,,09:00:00,18:00:00,,,,,,,DELIVERY,,,,,,,,BKGB,vporti,20170817,1
,"2017-11-20 07:59:33",23910025,,,"Unknown address 4059",,403634,,,,,,,,,40.640959,-73.92285,40.640959,-73.92285,[],,0,,,09:00:00,18:00:00,,,,,,,DELIVERY,0,0,,0,0,,,BKED,dwinslow,20170831,52
,"2017-11-20 07:28:24",23909514,,,"Unknown address 4260",,403634,,,,,,,0,,40.640861,-73.922649,40.640861,-73.922649,"[{""daily"":{""every"":1},""enabled"":true,""mode"":""daily""}]",,0,,,09:00:00,18:00:00,,,,,,,DELIVERY,,,,,,,,BKGB,vporti,20170809,1
,"2017-11-20 07:59:33",23910026,,,"Unknown address 237",,403634,,,,,,,,,40.640285,-73.921931,40.640285,-73.921931,[],,0,,,09:00:00,18:00:00,,,,,,,DELIVERY,0,0,,0,0,,,BKMA,vporti,20170821,34
,"2017-11-20 07:28:25",23909515,,,"Unknown address 3730",,403634,,,,,,,0,,40.641086,-73.922717,40.641086,-73.922717,"[{""daily"":{""every"":1},""enabled"":true,""mode"":""daily""}]",,0,,,09:00:00,18:00:00,,,,,,,DELIVERY,,,,,,,,BKFE,coadolph,20170811,52
,"2017-11-20 07:59:33",23910027,,,"Unknown address 3462",,403634,,,,,,,,,40.641214,-73.922521,40.641214,-73.922521,[],,0,,,09:00:00,18:00:00,,,,,,,DELIVERY,0,0,,0,0,,,BKGF,pjohn,20170818,52
,"2017-11-20 07:28:26",23909516,,,"Unknown address 4359",,403634,,,,,,,0,,40.640799,-73.922758,40.640799,-73.922758,"[{""daily"":{""every"":1},""enabled"":true,""mode"":""daily""}]",,0,,,09:00:00,18:00:00,,,,,,,DELIVERY,,,,,,,,BKGB,vporti,20170829,1
,"2017-11-20 07:59:33",23910028,,,"Unknown address 2996",,403634,,,,,,,,,40.641853,-73.922216,40.641853,-73.922216,[],,0,,,09:00:00,18:00:00,,,,,,,DELIVERY,0,0,,0,0,,,BKFB,lgasp01,20170803,52
,"2017-11-20 07:28:27",23909517,,,"Unknown address 3303",,403634,,,,,,,0,,40.641325,-73.922608,40.641325,-73.922608,"[{""daily"":{""every"":1},""enabled"":true,""mode"":""daily""}]",,0,,,09:00:00,18:00:00,,,,,,,DELIVERY,,,,,,,,BKEE,thjones,20170823,52
,"2017-11-20 07:59:33",23910029,,,"Unknown address 3743",,403634,,,,,,,,,40.641081,-73.922502,40.641081,-73.922502,[],,0,,,09:00:00,18:00:00,,,,,,,DELIVERY,0,0,,0,0,,,BKGE,tracbutl,20170809,1
,"2017-11-20 07:28:28",23909518,,,"Unknown address 3234",,403634,,,,,,,0,,40.6414,-73.922378,40.6414,-73.922378,"[{""daily"":{""every"":1},""enabled"":true,""mode"":""daily""}]",,0,,,09:00:00,18:00:00,,,,,,,DELIVERY,,,,,,,,BKFB,lgasp01,20170822,52
,"2017-11-20 07:59:33",23910030,,,"Unknown address 3308",,403634,,,,,,,,,40.641322,-73.922478,40.641322,-73.922478,[],,0,,,09:00:00,18:00:00,,,,,,,DELIVERY,0,0,,0,0,,,BKGC,mblair,20170816,52
,"2017-11-20 07:28:32",23909519,,,"Unknown address 4326",,403634,,,,,,,0,,40.640821,-73.922844,40.640821,-73.922844,"[{""daily"":{""every"":1},""enabled"":true,""mode"":""daily""}]",,0,,,09:00:00,18:00:00,,,,,,,DELIVERY,,,,,,,,BKLC,dasricha,20170815,1
,"2017-11-20 07:59:33",23910031,,,"Unknown address 4157",,403634,,,,,,,,,40.640911,-73.922772,40.640911,-73.922772,[],,0,,,09:00:00,18:00:00,,,,,,,DELIVERY,0,0,,0,0,,,BKGA,pgengo,20170828,1
,"2017-11-20 07:28:33",23909520,,,"Unknown address 3101",,403634,,,,,,,0,,40.641597,-73.922606,40.641597,-73.922606,"[{""daily"":{""every"":1},""enabled"":true,""mode"":""daily""}]",,0,,,09:00:00,18:00:00,,,,,,,DELIVERY,,,,,,,,BKEG,wyuen,20170803,21
,"2017-11-20 07:59:33",23910032,,,"Unknown address 3721",,403634,,,,,,,,,40.64109,-73.922372,40.64109,-73.922372,[],,0,,,09:00:00,18:00:00,,,,,,,DELIVERY,0,0,,0,0,,,BKLC,dasricha,20170829,1
,"2017-11-20 07:28:34",23909521,,,"Unknown address 3517",,403634,,,,,,,0,,40.641184,-73.922481,40.641184,-73.922481,"[{""daily"":{""every"":1},""enabled"":true,""mode"":""daily""}]",,0,,,09:00:00,18:00:00,,,,,,,DELIVERY,,,,,,,,BKEE,thjones,20170801,52
,"2017-11-20 07:59:33",23910033,,,"Unknown address 3387",,403634,,,,,,,,,40.641257,-73.922908,40.641257,-73.922908,[],,0,,,09:00:00,18:00:00,,,,,,,DELIVERY,0,0,,0,0,,,BKHC,jexanthu,20170811,21
,"2017-11-20 07:28:35",23909522,,,"Unknown address 4302",,403634,,,,,,,0,,40.640836,-73.922875,40.640836,-73.922875,"[{""daily"":{""every"":1},""enabled"":true,""mode"":""daily""}]",,0,,,09:00:00,18:00:00,,,,,,,DELIVERY,,,,,,,,BKFC,mosolima,20170808,52
,"2017-11-20 07:59:33",23910034,,,"Unknown address 3411",,403634,,,,,,,,,40.641244,-73.922597,40.641244,-73.922597,[],,0,,,09:00:00,18:00:00,,,,,,,DELIVERY,0,0,,0,0,,,BKGC,mblair,20170814,52
,"2017-11-20 07:28:36",23909523,,,"Unknown address 3314",,403634,,,,,,,0,,40.64132,-73.922577,40.64132,-73.922577,"[{""daily"":{""every"":1},""enabled"":true,""mode"":""daily""}]",,0,,,09:00:00,18:00:00,,,,,,,DELIVERY,,,,,,,,BKGA,pgengo,20170825,52
,"2017-11-20 07:59:33",23910035,,,"Unknown address 3392",,403634,,,,,,,,,40.641254,-73.92239,40.641254,-73.92239,[],,0,,,09:00:00,18:00:00,,,,,,,DELIVERY,0,0,,0,0,,,BKFA,fgalioto,20170828,1
,"2017-11-20 07:28:37",23909524,,,"Unknown address 1204",,403634,,,,,,,0,,40.638259,-74.003435,40.638259,-74.003435,"[{""daily"":{""every"":1},""enabled"":true,""mode"":""daily""}]",,0,,,09:00:00,18:00:00,,,,,,,DELIVERY,,,,,,,,BKEB,pcallana,20170804,5
,"2017-11-20 07:59:33",23910036,,,"Unknown address 4179",,403634,,,,,,,,,40.640902,-73.922431,40.640902,-73.922431,[],,0,,,09:00:00,18:00:00,,,,,,,DELIVERY,0,0,,0,0,,,BKLC,dasricha,20170801,42
,"2017-11-20 07:28:39",23909525,,,"Unknown address 1955",,403634,,,,,,,0,,40.62029,-73.941239,40.62029,-73.941239,"[{""daily"":{""every"":1},""enabled"":true,""mode"":""daily""}]",,0,,,09:00:00,18:00:00,,,,,,,DELIVERY,,,,,,,,BKLC,dasricha,20170803,54
,"2017-11-20 07:59:33",23910037,,,"Unknown address 3390",,403634,,,,,,,,,40.641256,-73.921398,40.641256,-73.921398,[],,0,,,09:00:00,18:00:00,,,,,,,DELIVERY,0,0,,0,0,,,BKGA,pgengo,20170822,42
,"2017-11-20 07:28:40",23909526,,,"Unknown address 3898",,403634,,,,,,,0,,40.641015,-73.922318,40.641015,-73.922318,"[{""daily"":{""every"":1},""enabled"":true,""mode"":""daily""}]",,0,,,09:00:00,18:00:00,,,,,,,DELIVERY,,,,,,,,BKEG,wyuen,20170803,1
,"2017-11-20 07:59:33",23910038,,,"Unknown address 3650",,403634,,,,,,,,,40.641117,-73.922614,40.641117,-73.922614,[],,0,,,09:00:00,18:00:00,,,,,,,DELIVERY,0,0,,0,0,,,BKFD,sromans,20170814,52
,"2017-11-20 07:28:41",23909527,,,"Unknown address 3398",,403634,,,,,,,0,,40.641252,-73.922667,40.641252,-73.922667,"[{""daily"":{""every"":1},""enabled"":true,""mode"":""daily""}]",,0,,,09:00:00,18:00:00,,,,,,,DELIVERY,,,,,,,,BKLB,pjacobs,20170803,52
,"2017-11-20 07:59:33",23910039,,,"Unknown address 1353",,403634,,,,,,,,,40.637954,-74.009016,40.637954,-74.009016,[],,0,,,09:00:00,18:00:00,,,,,,,DELIVERY,0,0,,0,0,,,BKEB,pcallana,20170831,5
,"2017-11-20 07:28:42",23909528,,,"Unknown address 3435",,403634,,,,,,,0,,40.641229,-73.922388,40.641229,-73.922388,"[{""daily"":{""every"":1},""enabled"":true,""mode"":""daily""}]",,0,,,09:00:00,18:00:00,,,,,,,DELIVERY,,,,,,,,BKHA,chnoe,20170816,1
,"2017-11-20 07:59:33",23910040,,,"Unknown address 3618",,403634,,,,,,,,,40.641135,-73.922641,40.641135,-73.922641,[],,0,,,09:00:00,18:00:00,,,,,,,DELIVERY,0,0,,0,0,,,BKEG,wyuen,20170825,52
,"2017-11-20 07:28:43",23909529,,,"Unknown address 4464",,403634,,,,,,,0,,40.640695,-73.922597,40.640695,-73.922597,"[{""daily"":{""every"":1},""enabled"":true,""mode"":""daily""}]",,0,,,09:00:00,18:00:00,,,,,,,DELIVERY,,,,,,,,BKFE,lgasp01,20170810,42
,"2017-11-20 07:59:33",23910041,,,"Unknown address 257",,403634,,,,,,,,,40.640251,-73.922014,40.640251,-73.922014,[],,0,,,09:00:00,18:00:00,,,,,,,DELIVERY,0,0,,0,0,,,BKFB,lgasp01,20170828,34
,"2017-11-20 07:28:44",23909530,,,"Unknown address 3124",,403634,,,,,,,0,,40.641557,-73.922506,40.641557,-73.922506,"[{""daily"":{""every"":1},""enabled"":true,""mode"":""daily""}]",,0,,,09:00:00,18:00:00,,,,,,,DELIVERY,,,,,,,,BKFB,lgasp01,20170830,52
,"2017-11-20 07:59:33",23910042,,,"Unknown address 3594",,403634,,,,,,,,,40.641146,-73.922227,40.641146,-73.922227,[],,0,,,09:00:00,18:00:00,,,,,,,DELIVERY,0,0,,0,0,,,BKFE,lgasp01,20170809,1
,"2017-11-20 07:28:46",23909531,,,"Unknown address 3391",,403634,,,,,,,0,,40.641255,-73.922391,40.641255,-73.922391,"[{""daily"":{""every"":1},""enabled"":true,""mode"":""daily""}]",,0,,,09:00:00,18:00:00,,,,,,,DELIVERY,,,,,,,,BKFD,sromans,20170803,1
,"2017-11-20 07:59:33",23910043,,,"Unknown address 3660",,403634,,,,,,,,,40.641113,-73.922361,40.641113,-73.922361,[],,0,,,09:00:00,18:00:00,,,,,,,DELIVERY,0,0,,0,0,,,BKEG,wyuen,20170822,1
,"2017-11-20 07:28:48",23909532,,,"Unknown address 3542",,403634,,,,,,,0,,40.641173,-73.923367,40.641173,-73.923367,"[{""daily"":{""every"":1},""enabled"":true,""mode"":""daily""}]",,0,,,09:00:00,18:00:00,,,,,,,DELIVERY,,,,,,,,BKGE,tracbutl,20170809,65
,"2017-11-20 07:59:33",23910044,,,"Unknown address 3645",,403634,,,,,,,,,40.64112,-73.922278,40.64112,-73.922278,[],,0,,,09:00:00,18:00:00,,,,,,,DELIVERY,0,0,,0,0,,,BKGH,racasian,20170810,1
,"2017-11-20 07:28:49",23909533,,,"Unknown address 4082",,403634,,,,,,,0,,40.640944,-73.922573,40.640944,-73.922573,"[{""daily"":{""every"":1},""enabled"":true,""mode"":""daily""}]",,0,,,09:00:00,18:00:00,,,,,,,DELIVERY,,,,,,,,BKED,dwinslow,20170809,1
,"2017-11-20 07:59:33",23910045,,,"Unknown address 3173",,403634,,,,,,,,,40.641499,-73.922545,40.641499,-73.922545,[],,0,,,09:00:00,18:00:00,,,,,,,DELIVERY,0,0,,0,0,,,BKFB,lgasp01,20170823,52
,"2017-11-20 07:28:50",23909534,,,"Unknown address 4289",,403634,,,,,,,0,,40.640845,-73.922923,40.640845,-73.922923,"[{""daily"":{""every"":1},""enabled"":true,""mode"":""daily""}]",,0,,,09:00:00,18:00:00,,,,,,,DELIVERY,,,,,,,,BKGB,erlin,20170804,52
,"2017-11-20 07:59:33",23910046,,,"Unknown address 4257",,403634,,,,,,,,,40.640864,-73.922645,40.640864,-73.922645,[],,0,,,09:00:00,18:00:00,,,,,,,DELIVERY,0,0,,0,0,,,BKGF,lgasp01,20170825,1
,"2017-11-20 07:28:51",23909535,,,"Unknown address 189",,403634,,,,,,,0,,40.640364,-73.921653,40.640364,-73.921653,"[{""daily"":{""every"":1},""enabled"":true,""mode"":""daily""}]",,0,,,09:00:00,18:00:00,,,,,,,DELIVERY,,,,,,,,BKGE,tracbutl,20170823,34
,"2017-11-20 07:59:33",23910047,,,"Unknown address 3216",,403634,,,,,,,,,40.641429,-73.922448,40.641429,-73.922448,[],,0,,,09:00:00,18:00:00,,,,,,,DELIVERY,0,0,,0,0,,,BKEE,thjones,20170828,52
,"2017-11-20 07:28:52",23909536,,,"Unknown address 1293",,403634,,,,,,,0,,40.674333,-73.952195,40.674333,-73.952195,"[{""daily"":{""every"":1},""enabled"":true,""mode"":""daily""}]",,0,,,09:00:00,18:00:00,,,,,,,DELIVERY,,,,,,,,BKHA,chnoe,20170818,19
,"2017-11-20 07:59:33",23910048,,,"Unknown address 3532",,403634,,,,,,,,,40.641177,-73.922278,40.641177,-73.922278,[],,0,,,09:00:00,18:00:00,,,,,,,DELIVERY,0,0,,0,0,,,BKEE,thjones,20170830,1
,"2017-11-20 07:28:55",23909537,,,"Unknown address 3407",,403634,,,,,,,0,,40.641247,-73.922579,40.641247,-73.922579,"[{""daily"":{""every"":1},""enabled"":true,""mode"":""daily""}]",,0,,,09:00:00,18:00:00,,,,,,,DELIVERY,,,,,,,,BKGC,mblair,20170822,52
,"2017-11-20 07:59:33",23910049,,,"Unknown address 3708",,403634,,,,,,,,,40.641093,-73.922669,40.641093,-73.922669,[],,0,,,09:00:00,18:00:00,,,,,,,DELIVERY,0,0,,0,0,,,BKGI,coadolph,20170817,52
,"2017-11-20 07:28:56",23909538,,,"Unknown address 4129",,403634,,,,,,,0,,40.640925,-73.92247,40.640925,-73.92247,"[{""daily"":{""every"":1},""enabled"":true,""mode"":""daily""}]",,0,,,09:00:00,18:00:00,,,,,,,DELIVERY,,,,,,,,BKHC,lgasp01,20170803,1
,"2017-11-20 07:59:33",23910050,,,"Unknown address 4340",,403634,,,,,,,,,40.64081,-73.923275,40.64081,-73.923275,[],,0,,,09:00:00,18:00:00,,,,,,,DELIVERY,0,0,,0,0,,,BKHC,jexanthu,20170822,65
,"2017-11-20 07:28:57",23909539,,,"Unknown address 3425",,403634,,,,,,,0,,40.641237,-73.922636,40.641237,-73.922636,"[{""daily"":{""every"":1},""enabled"":true,""mode"":""daily""}]",,0,,,09:00:00,18:00:00,,,,,,,DELIVERY,,,,,,,,BKGC,mblair,20170824,52
,"2017-11-20 07:59:33",23910051,,,"Unknown address 802",,403634,,,,,,,,,40.639138,-73.920298,40.639138,-73.920298,[],,0,,,09:00:00,18:00:00,,,,,,,DELIVERY,0,0,,0,0,,,BKFE,lgasp01,20170808,47
,"2017-11-20 07:28:58",23909540,,,"Unknown address 3951",,403634,,,,,,,0,,40.640997,-73.922664,40.640997,-73.922664,"[{""daily"":{""every"":1},""enabled"":true,""mode"":""daily""}]",,0,,,09:00:00,18:00:00,,,,,,,DELIVERY,,,,,,,,BKEI,lgasp01,20170829,1
,"2017-11-20 07:59:33",23910052,,,"Unknown address 4029",,403634,,,,,,,,,40.630931,-74.005817,40.630931,-74.005817,[],,0,,,09:00:00,18:00:00,,,,,,,DELIVERY,0,0,,0,0,,,BKFC,mosolima,20170830,5
,"2017-11-20 07:28:59",23909541,,,"Unknown address 3643",,403634,,,,,,,0,,40.64112,-73.922154,40.64112,-73.922154,"[{""daily"":{""every"":1},""enabled"":true,""mode"":""daily""}]",,0,,,09:00:00,18:00:00,,,,,,,DELIVERY,,,,,,,,BKGE,tracbutl,20170817,1
,"2017-11-20 07:59:33",23910053,,,"Unknown address 254",,403634,,,,,,,,,40.640255,-73.922584,40.640255,-73.922584,[],,0,,,09:00:00,18:00:00,,,,,,,DELIVERY,0,0,,0,0,,,BKFC,lgasp01,20170804,34
,"2017-11-20 07:29:00",23909542,,,"Unknown address 462",,403634,,,,,,,0,,40.603936,-73.978902,40.603936,-73.978902,"[{""daily"":{""every"":1},""enabled"":true,""mode"":""daily""}]",,0,,,09:00:00,18:00:00,,,,,,,DELIVERY,,,,,,,,BKGB,vporti,20170811,68
,"2017-11-20 07:59:33",23910054,,,"Unknown address 1236",,403634,,,,,,,,,40.63819,-74.012218,40.63819,-74.012218,[],,0,,,09:00:00,18:00:00,,,,,,,DELIVERY,0,0,,0,0,,,BKEB,pcallana,20170818,5
,"2017-11-20 07:29:01",23909543,,,"Unknown address 4146",,403634,,,,,,,0,,40.640916,-73.922476,40.640916,-73.922476,"[{""daily"":{""every"":1},""enabled"":true,""mode"":""daily""}]",,0,,,09:00:00,18:00:00,,,,,,,DELIVERY,,,,,,,,BKFC,mosolima,20170828,1
,"2017-11-20 07:59:33",23910055,,,"Unknown address 4056",,403634,,,,,,,,,40.64096,-73.922876,40.64096,-73.922876,[],,0,,,09:00:00,18:00:00,,,,,,,DELIVERY,0,0,,0,0,,,BKGH,racasian,20170811,52
,"2017-11-20 07:29:02",23909544,,,"Unknown address 3298",,403634,,,,,,,0,,40.641328,-73.922442,40.641328,-73.922442,"[{""daily"":{""every"":1},""enabled"":true,""mode"":""daily""}]",,0,,,09:00:00,18:00:00,,,,,,,DELIVERY,,,,,,,,BKFB,lgasp01,20170811,52
,"2017-11-20 07:59:33",23910056,,,"Unknown address 3673",,403634,,,,,,,,,40.641108,-73.922583,40.641108,-73.922583,[],,0,,,09:00:00,18:00:00,,,,,,,DELIVERY,0,0,,0,0,,,BKGE,tracbutl,20170804,52
,"2017-11-20 07:29:03",23909545,,,"Unknown address 3972",,403634,,,,,,,0,,40.64099,-73.922883,40.64099,-73.922883,"[{""daily"":{""every"":1},""enabled"":true,""mode"":""daily""}]",,0,,,09:00:00,18:00:00,,,,,,,DELIVERY,,,,,,,,BKEB,lgasp01,20170825,52
,"2017-11-20 07:59:33",23910057,,,"Unknown address 3964",,403634,,,,,,,,,40.640993,-73.922324,40.640993,-73.922324,[],,0,,,09:00:00,18:00:00,,,,,,,DELIVERY,0,0,,0,0,,,BKHC,jexanthu,20170814,1
,"2017-11-20 07:29:04",23909546,,,"Unknown address 4415",,403634,,,,,,,0,,40.640749,-73.923418,40.640749,-73.923418,"[{""daily"":{""every"":1},""enabled"":true,""mode"":""daily""}]",,0,,,09:00:00,18:00:00,,,,,,,DELIVERY,,,,,,,,BKGB,vporti,20170818,65
,"2017-11-20 07:59:33",23910058,,,"Unknown address 3579",,403634,,,,,,,,,40.641152,-73.92238,40.641152,-73.92238,[],,0,,,09:00:00,18:00:00,,,,,,,DELIVERY,0,0,,0,0,,,BKLB,pjacobs,20170808,1
,"2017-11-20 07:29:05",23909547,,,"Unknown address 3540",,403634,,,,,,,0,,40.641173,-73.922364,40.641173,-73.922364,"[{""daily"":{""every"":1},""enabled"":true,""mode"":""daily""}]",,0,,,09:00:00,18:00:00,,,,,,,DELIVERY,,,,,,,,BKGH,dasricha,20170822,1
,"2017-11-20 07:59:33",23910059,,,"Unknown address 4099",,403634,,,,,,,,,40.640937,-73.922851,40.640937,-73.922851,[],,0,,,09:00:00,18:00:00,,,,,,,DELIVERY,0,0,,0,0,,,BKEC,jcondon,20170831,52
,"2017-11-20 07:29:07",23909548,,,"Unknown address 3513",,403634,,,,,,,0,,40.641187,-73.922451,40.641187,-73.922451,"[{""daily"":{""every"":1},""enabled"":true,""mode"":""daily""}]",,0,,,09:00:00,18:00:00,,,,,,,DELIVERY,,,,,,,,BKHC,lgasp01,20170802,1
,"2017-11-20 07:59:33",23910060,,,"Unknown address 3394",,403634,,,,,,,,,40.641253,-73.922599,40.641253,-73.922599,[],,0,,,09:00:00,18:00:00,,,,,,,DELIVERY,0,0,,0,0,,,BKEE,thjones,20170808,52
,"2017-11-20 07:29:08",23909549,,,"Unknown address 98",,403634,,,,,,,0,,40.640527,-73.922622,40.640527,-73.922622,"[{""daily"":{""every"":1},""enabled"":true,""mode"":""daily""}]",,0,,,09:00:00,18:00:00,,,,,,,DELIVERY,,,,,,,,BKEA,gregohil,20170810,34
,"2017-11-20 07:59:33",23910061,,,"Unknown address 3755",,403634,,,,,,,,,40.641079,-73.922661,40.641079,-73.922661,[],,0,,,09:00:00,18:00:00,,,,,,,DELIVERY,0,0,,0,0,,,BKFH,lgasp01,20170829,52
,"2017-11-20 07:29:09",23909550,,,"Unknown address 3051",,403634,,,,,,,0,,40.641723,-73.923388,40.641723,-73.923388,"[{""daily"":{""every"":1},""enabled"":true,""mode"":""daily""}]",,0,,,09:00:00,18:00:00,,,,,,,DELIVERY,,,,,,,,BKGC,mblair,20170823,65
,"2017-11-20 07:59:33",23910062,,,"Unknown address 69",,403634,,,,,,,,,40.640573,-73.923079,40.640573,-73.923079,[],,0,,,09:00:00,18:00:00,,,,,,,DELIVERY,0,0,,0,0,,,BKLB,pjacobs,20170830,42
,"2017-11-20 07:29:11",23909551,,,"Unknown address 3927",,403634,,,,,,,0,,40.641004,-73.923016,40.641004,-73.923016,"[{""daily"":{""every"":1},""enabled"":true,""mode"":""daily""}]",,0,,,09:00:00,18:00:00,,,,,,,DELIVERY,,,,,,,,BKEA,clarewhi,20170814,21
,"2017-11-20 07:59:33",23910063,,,"Unknown address 1678",,403634,,,,,,,,,40.637247,-73.911556,40.637247,-73.911556,[],,0,,,09:00:00,18:00:00,,,,,,,DELIVERY,0,0,,0,0,,,BKGG,mshabazz,20170803,47
,"2017-11-20 07:29:13",23909552,,,"Unknown address 4352",,403634,,,,,,,0,,40.640804,-73.922914,40.640804,-73.922914,"[{""daily"":{""every"":1},""enabled"":true,""mode"":""daily""}]",,0,,,09:00:00,18:00:00,,,,,,,DELIVERY,,,,,,,,BKGG,mshabazz,20170802,52
,"2017-11-20 07:59:33",23910064,,,"Unknown address 4272",,403634,,,,,,,,,40.640854,-73.922752,40.640854,-73.922752,[],,0,,,09:00:00,18:00:00,,,,,,,DELIVERY,0,0,,0,0,,,BKEG,hlacan,20170809,1
,"2017-11-20 07:29:15",23909553,,,"Unknown address 4164",,403634,,,,,,,0,,40.640908,-73.922555,40.640908,-73.922555,"[{""daily"":{""every"":1},""enabled"":true,""mode"":""daily""}]",,0,,,09:00:00,18:00:00,,,,,,,DELIVERY,,,,,,,,BKHB,lgasp01,20170802,1
,"2017-11-20 07:59:33",23910065,,,"Unknown address 4249",,403634,,,,,,,,,40.640868,-73.923043,40.640868,-73.923043,[],,0,,,09:00:00,18:00:00,,,,,,,DELIVERY,0,0,,0,0,,,BKEB,pcallana,20170808,21
,"2017-11-20 07:29:16",23909554,,,"Unknown address 3861",,403634,,,,,,,0,,40.641033,-73.922637,40.641033,-73.922637,"[{""daily"":{""every"":1},""enabled"":true,""mode"":""daily""}]",,0,,,09:00:00,18:00:00,,,,,,,DELIVERY,,,,,,,,BKED,dwinslow,20170814,1
,"2017-11-20 07:59:33",23910066,,,"Unknown address 3519",,403634,,,,,,,,,40.641183,-73.922621,40.641183,-73.922621,[],,0,,,09:00:00,18:00:00,,,,,,,DELIVERY,0,0,,0,0,,,BKGD,aramosj,20170821,52
,"2017-11-20 07:29:16",23909555,,,"Unknown address 3168",,403634,,,,,,,0,,40.641503,-73.922695,40.641503,-73.922695,"[{""daily"":{""every"":1},""enabled"":true,""mode"":""daily""}]",,0,,,09:00:00,18:00:00,,,,,,,DELIVERY,,,,,,,,BKFA,fgalioto,20170822,21
,"2017-11-20 07:59:33",23910067,,,"Unknown address 4174",,403634,,,,,,,,,40.640906,-73.922829,40.640906,-73.922829,[],,0,,,09:00:00,18:00:00,,,,,,,DELIVERY,0,0,,0,0,,,BKLD,lgasp01,20170825,52
,"2017-11-20 07:29:18",23909556,,,"Unknown address 3261",,403634,,,,,,,0,,40.641363,-73.922399,40.641363,-73.922399,"[{""daily"":{""every"":1},""enabled"":true,""mode"":""daily""}]",,0,,,09:00:00,18:00:00,,,,,,,DELIVERY,,,,,,,,BKFB,lgasp01,20170804,52
,"2017-11-20 07:59:33",23910068,,,"Unknown address 3144",,403634,,,,,,,,,40.641537,-73.922901,40.641537,-73.922901,[],,0,,,09:00:00,18:00:00,,,,,,,DELIVERY,0,0,,0,0,,,BKHA,chnoe,20170829,21
,"2017-11-20 07:29:20",23909557,,,"Unknown address 4047",,403634,,,,,,,0,,40.640965,-73.922468,40.640965,-73.922468,"[{""daily"":{""every"":1},""enabled"":true,""mode"":""daily""}]",,0,,,09:00:00,18:00:00,,,,,,,DELIVERY,,,,,,,,BKHA,rassdetr,20170810,1
,"2017-11-20 07:59:33",23910069,,,"Unknown address 288",,403634,,,,,,,,,40.64021,-73.988119,40.64021,-73.988119,[],,0,,,09:00:00,18:00:00,,,,,,,DELIVERY,0,0,,0,0,,,BKFD,sromans,20170818,49
,"2017-11-20 07:29:21",23909558,,,"Unknown address 3349",,403634,,,,,,,0,,40.641291,-73.921215,40.641291,-73.921215,"[{""daily"":{""every"":1},""enabled"":true,""mode"":""daily""}]",,0,,,09:00:00,18:00:00,,,,,,,DELIVERY,,,,,,,,BKFA,hlacan,20170815,42
,"2017-11-20 07:59:33",23910070,,,"Unknown address 3931",,403634,,,,,,,,,40.641003,-73.922666,40.641003,-73.922666,[],,0,,,09:00:00,18:00:00,,,,,,,DELIVERY,0,0,,0,0,,,BKGI,lgasp01,20170830,1
,"2017-11-20 07:29:22",23909559,,,"Unknown address 3746",,403634,,,,,,,0,,40.64108,-73.922734,40.64108,-73.922734,"[{""daily"":{""every"":1},""enabled"":true,""mode"":""daily""}]",,0,,,09:00:00,18:00:00,,,,,,,DELIVERY,,,,,,,,BKLB,pjacobs,20170817,52
,"2017-11-20 07:59:33",23910071,,,"Unknown address 4057",,403634,,,,,,,,,40.64096,-73.923259,40.64096,-73.923259,[],,0,,,09:00:00,18:00:00,,,,,,,DELIVERY,0,0,,0,0,,,BKEC,hlacan,20170824,65
,"2017-11-20 07:29:24",23909560,,,"Unknown address 3872",,403634,,,,,,,0,,40.641028,-73.922792,40.641028,-73.922792,"[{""daily"":{""every"":1},""enabled"":true,""mode"":""daily""}]",,0,,,09:00:00,18:00:00,,,,,,,DELIVERY,,,,,,,,BKED,dwinslow,20170811,52
,"2017-11-20 07:59:33",23910072,,,"Unknown address 3611",,403634,,,,,,,,,40.64114,-73.922314,40.64114,-73.922314,[],,0,,,09:00:00,18:00:00,,,,,,,DELIVERY,0,0,,0,0,,,BKGG,mshabazz,20170829,1
,"2017-11-20 07:29:26",23909561,,,"Unknown address 3985",,403634,,,,,,,0,,40.640988,-73.922659,40.640988,-73.922659,"[{""daily"":{""every"":1},""enabled"":true,""mode"":""daily""}]",,0,,,09:00:00,18:00:00,,,,,,,DELIVERY,,,,,,,,BKFD,sromans,20170817,1
,"2017-11-20 07:59:33",23910073,,,"Unknown address 4461",,403634,,,,,,,,,40.6407,-73.922603,40.6407,-73.922603,[],,0,,,09:00:00,18:00:00,,,,,,,DELIVERY,0,0,,0,0,,,BKGD,aramosj,20170831,42
,"2017-11-20 07:29:27",23909562,,,"Unknown address 4353",,403634,,,,,,,0,,40.640803,-73.922797,40.640803,-73.922797,"[{""daily"":{""every"":1},""enabled"":true,""mode"":""daily""}]",,0,,,09:00:00,18:00:00,,,,,,,DELIVERY,,,,,,,,BKFC,mosolima,20170817,1
,"2017-11-20 07:59:33",23910074,,,"Unknown address 4252",,403634,,,,,,,,,40.640867,-73.922628,40.640867,-73.922628,[],,0,,,09:00:00,18:00:00,,,,,,,DELIVERY,0,0,,0,0,,,BKGD,aramosj,20170816,1
,"2017-11-20 07:29:28",23909563,,,"Unknown address 3722",,403634,,,,,,,0,,40.64109,-73.922681,40.64109,-73.922681,"[{""daily"":{""every"":1},""enabled"":true,""mode"":""daily""}]",,0,,,09:00:00,18:00:00,,,,,,,DELIVERY,,,,,,,,BKLC,dasricha,20170804,52
,"2017-11-20 07:59:33",23910075,,,"Unknown address 3626",,403634,,,,,,,,,40.64113,-73.922624,40.64113,-73.922624,[],,0,,,09:00:00,18:00:00,,,,,,,DELIVERY,0,0,,0,0,,,BKEE,thjones,20170822,52
,"2017-11-20 07:29:31",23909564,,,"Unknown address 4417",,403634,,,,,,,0,,40.640747,-73.922575,40.640747,-73.922575,"[{""daily"":{""every"":1},""enabled"":true,""mode"":""daily""}]",,0,,,09:00:00,18:00:00,,,,,,,DELIVERY,,,,,,,,BKLA,tcallana,20170817,42
,"2017-11-20 07:59:33",23910076,,,"Unknown address 4448",,403634,,,,,,,,,40.640714,-73.92276,40.640714,-73.92276,[],,0,,,09:00:00,18:00:00,,,,,,,DELIVERY,0,0,,0,0,,,BKGB,erlin,20170801,42
,"2017-11-20 07:29:34",23909565,,,"Unknown address 3423",,403634,,,,,,,0,,40.641238,-73.922603,40.641238,-73.922603,"[{""daily"":{""every"":1},""enabled"":true,""mode"":""daily""}]",,0,,,09:00:00,18:00:00,,,,,,,DELIVERY,,,,,,,,BKGC,mblair,20170831,52
,"2017-11-20 07:59:33",23910077,,,"Unknown address 3697",,403634,,,,,,,,,40.641097,-73.922864,40.641097,-73.922864,[],,0,,,09:00:00,18:00:00,,,,,,,DELIVERY,0,0,,0,0,,,BKLC,dasricha,20170808,21
,"2017-11-20 07:29:35",23909566,,,"Unknown address 3584",,403634,,,,,,,0,,40.64115,-73.9225,40.64115,-73.9225,"[{""daily"":{""every"":1},""enabled"":true,""mode"":""daily""}]",,0,,,09:00:00,18:00:00,,,,,,,DELIVERY,,,,,,,,BKGE,tracbutl,20170825,1
,"2017-11-20 07:59:33",23910078,,,"Unknown address 3784",,403634,,,,,,,,,40.64107,-73.922362,40.64107,-73.922362,[],,0,,,09:00:00,18:00:00,,,,,,,DELIVERY,0,0,,0,0,,,BKEB,pcallana,20170828,1
,"2017-11-20 07:29:36",23909567,,,"Unknown address 4089",,403634,,,,,,,0,,40.640941,-73.923279,40.640941,-73.923279,"[{""daily"":{""every"":1},""enabled"":true,""mode"":""daily""}]",,0,,,09:00:00,18:00:00,,,,,,,DELIVERY,,,,,,,,BKFC,mosolima,20170824,65
,"2017-11-20 07:59:33",23910079,,,"Unknown address 4038",,403634,,,,,,,,,40.640968,-73.922864,40.640968,-73.922864,[],,0,,,09:00:00,18:00:00,,,,,,,DELIVERY,0,0,,0,0,,,BKEC,jcondon,20170801,52
,"2017-11-20 07:29:38",23909568,,,"Unknown address 3984",,403634,,,,,,,0,,40.640988,-73.924086,40.640988,-73.924086,"[{""daily"":{""every"":1},""enabled"":true,""mode"":""daily""}]",,0,,,09:00:00,18:00:00,,,,,,,DELIVERY,,,,,,,,BKGF,pjohn,20170804,39
,"2017-11-20 07:59:33",23910080,,,"Unknown address 4214",,403634,,,,,,,,,40.640882,-73.922071,40.640882,-73.922071,[],,0,,,09:00:00,18:00:00,,,,,,,DELIVERY,0,0,,0,0,,,BKHC,lgasp01,20170801,42
,"2017-11-20 07:29:42",23909569,,,"Unknown address 3230",,403634,,,,,,,0,,40.641407,-73.92241,40.641407,-73.92241,"[{""daily"":{""every"":1},""enabled"":true,""mode"":""daily""}]",,0,,,09:00:00,18:00:00,,,,,,,DELIVERY,,,,,,,,BKGH,racasian,20170801,52
,"2017-11-20 07:59:33",23910081,,,"Unknown address 3638",,403634,,,,,,,,,40.641124,-73.92267,40.641124,-73.92267,[],,0,,,09:00:00,18:00:00,,,,,,,DELIVERY,0,0,,0,0,,,BKGD,aramosj,20170811,52
,"2017-11-20 07:29:53",23909570,,,"Unknown address 4041",,403634,,,,,,,0,,40.640967,-73.922858,40.640967,-73.922858,"[{""daily"":{""every"":1},""enabled"":true,""mode"":""daily""}]",,0,,,09:00:00,18:00:00,,,,,,,DELIVERY,,,,,,,,BKHC,jexanthu,20170817,52
,"2017-11-20 07:59:33",23910082,,,"Unknown address 3310",,403634,,,,,,,,,40.641321,-73.922472,40.641321,-73.922472,[],,0,,,09:00:00,18:00:00,,,,,,,DELIVERY,0,0,,0,0,,,BKFA,fgalioto,20170829,52
,"2017-11-20 07:29:54",23909571,,,"Unknown address 3778",,403634,,,,,,,0,,40.641072,-73.922602,40.641072,-73.922602,"[{""daily"":{""every"":1},""enabled"":true,""mode"":""daily""}]",,0,,,09:00:00,18:00:00,,,,,,,DELIVERY,,,,,,,,BKFD,sromans,20170810,52
,"2017-11-20 07:59:33",23910083,,,"Unknown address 4123",,403634,,,,,,,,,40.640928,-73.922687,40.640928,-73.922687,[],,0,,,09:00:00,18:00:00,,,,,,,DELIVERY,0,0,,0,0,,,BKEA,clarewhi,20170830,1
,"2017-11-20 07:29:55",23909572,,,"Unknown address 3192",,403634,,,,,,,0,,40.64147,-73.922282,40.64147,-73.922282,"[{""daily"":{""every"":1},""enabled"":true,""mode"":""daily""}]",,0,,,09:00:00,18:00:00,,,,,,,DELIVERY,,,,,,,,BKEJ,lgasp01,20170825,52
,"2017-11-20 07:59:33",23910084,,,"Unknown address 2709",,403634,,,,,,,,,40.642633,-73.923612,40.642633,-73.923612,[],,0,,,09:00:00,18:00:00,,,,,,,DELIVERY,0,0,,0,0,,,BKHA,chnoe,20170817,65
,"2017-11-20 07:29:56",23909573,,,"Unknown address 123",,403634,,,,,,,0,,40.640486,-73.922532,40.640486,-73.922532,"[{""daily"":{""every"":1},""enabled"":true,""mode"":""daily""}]",,0,,,09:00:00,18:00:00,,,,,,,DELIVERY,,,,,,,,BKFB,lgasp01,20170814,34
,"2017-11-20 07:59:33",23910085,,,"Unknown address 2112",,403634,,,,,,,,,40.670355,-73.975008,40.670355,-73.975008,[],,0,,,09:00:00,18:00:00,,,,,,,DELIVERY,0,0,,0,0,,,BKEG,wyuen,20170821,14
,"2017-11-20 07:29:57",23909574,,,"Unknown address 3853",,403634,,,,,,,0,,40.641035,-73.922661,40.641035,-73.922661,"[{""daily"":{""every"":1},""enabled"":true,""mode"":""daily""}]",,0,,,09:00:00,18:00:00,,,,,,,DELIVERY,,,,,,,,BKGF,pjohn,20170809,52
,"2017-11-20 07:59:33",23910086,,,"Unknown address 4168",,403634,,,,,,,,,40.640908,-73.922797,40.640908,-73.922797,[],,0,,,09:00:00,18:00:00,,,,,,,DELIVERY,0,0,,0,0,,,BKEC,jcondon,20170829,52
,"2017-11-20 07:29:58",23909575,,,"Unknown address 4475",,403634,,,,,,,0,,40.640684,-73.922254,40.640684,-73.922254,"[{""daily"":{""every"":1},""enabled"":true,""mode"":""daily""}]",,0,,,09:00:00,18:00:00,,,,,,,DELIVERY,,,,,,,,BKFD,sromans,20170810,42
,"2017-11-20 07:59:33",23910087,,,"Unknown address 4132",,403634,,,,,,,,,40.640922,-73.922725,40.640922,-73.922725,[],,0,,,09:00:00,18:00:00,,,,,,,DELIVERY,0,0,,0,0,,,BKEI,lgasp01,20170828,1
,"2017-11-20 07:29:59",23909576,,,"Unknown address 3803",,403634,,,,,,,0,,40.641061,-73.922781,40.641061,-73.922781,"[{""daily"":{""every"":1},""enabled"":true,""mode"":""daily""}]",,0,,,09:00:00,18:00:00,,,,,,,DELIVERY,,,,,,,,BKFD,sromans,20170823,52
,"2017-11-20 07:59:33",23910088,,,"Unknown address 76",,403634,,,,,,,,,40.640562,-73.923051,40.640562,-73.923051,[],,0,,,09:00:00,18:00:00,,,,,,,DELIVERY,0,0,,0,0,,,BKGB,vporti,20170816,42
,"2017-11-20 07:30:00",23909577,,,"Unknown address 4233",,403634,,,,,,,0,,40.640877,-73.922589,40.640877,-73.922589,"[{""daily"":{""every"":1},""enabled"":true,""mode"":""daily""}]",,0,,,09:00:00,18:00:00,,,,,,,DELIVERY,,,,,,,,BKFE,lgasp01,20170807,1
,"2017-11-20 07:59:33",23910089,,,"Unknown address 3797",,403634,,,,,,,,,40.641064,-73.922638,40.641064,-73.922638,[],,0,,,09:00:00,18:00:00,,,,,,,DELIVERY,0,0,,0,0,,,BKEE,thjones,20170803,52
,"2017-11-20 07:30:01",23909578,,,"Unknown address 3655",,403634,,,,,,,0,,40.641114,-73.92274,40.641114,-73.92274,"[{""daily"":{""every"":1},""enabled"":true,""mode"":""daily""}]",,0,,,09:00:00,18:00:00,,,,,,,DELIVERY,,,,,,,,BKFE,lgasp01,20170810,52
,"2017-11-20 07:59:33",23910090,,,"Unknown address 3728",,403634,,,,,,,,,40.641086,-73.922363,40.641086,-73.922363,[],,0,,,09:00:00,18:00:00,,,,,,,DELIVERY,0,0,,0,0,,,BKLC,dasricha,20170814,1
,"2017-11-20 07:30:03",23909579,,,"Unknown address 3431",,403634,,,,,,,0,,40.64123,-73.922514,40.64123,-73.922514,"[{""daily"":{""every"":1},""enabled"":true,""mode"":""daily""}]",,0,,,09:00:00,18:00:00,,,,,,,DELIVERY,,,,,,,,BKGF,pjohn,20170829,52
,"2017-11-20 07:59:33",23910091,,,"Unknown address 4120",,403634,,,,,,,,,40.640929,-73.922389,40.640929,-73.922389,[],,0,,,09:00:00,18:00:00,,,,,,,DELIVERY,0,0,,0,0,,,BKGE,tracbutl,20170829,42
,"2017-11-20 07:30:04",23909580,,,"Unknown address 3988",,403634,,,,,,,0,,40.640987,-73.922377,40.640987,-73.922377,"[{""daily"":{""every"":1},""enabled"":true,""mode"":""daily""}]",,0,,,09:00:00,18:00:00,,,,,,,DELIVERY,,,,,,,,BKEB,lgasp01,20170821,1
,"2017-11-20 07:59:33",23910092,,,"Unknown address 3488",,403634,,,,,,,,,40.641199,-73.922366,40.641199,-73.922366,[],,0,,,09:00:00,18:00:00,,,,,,,DELIVERY,0,0,,0,0,,,BKFB,lgasp01,20170818,1
,"2017-11-20 07:30:05",23909581,,,"Unknown address 4035",,403634,,,,,,,0,,40.640971,-73.922521,40.640971,-73.922521,"[{""daily"":{""every"":1},""enabled"":true,""mode"":""daily""}]",,0,,,09:00:00,18:00:00,,,,,,,DELIVERY,,,,,,,,BKGD,aramosj,20170822,1
,"2017-11-20 07:59:33",23910093,,,"Unknown address 4402",,403634,,,,,,,,,40.640758,-73.92259,40.640758,-73.92259,[],,0,,,09:00:00,18:00:00,,,,,,,DELIVERY,0,0,,0,0,,,BKFE,mimorcig,20170801,42
,"2017-11-20 07:30:06",23909582,,,"Unknown address 3843",,403634,,,,,,,0,,40.641042,-73.92232,40.641042,-73.92232,"[{""daily"":{""every"":1},""enabled"":true,""mode"":""daily""}]",,0,,,09:00:00,18:00:00,,,,,,,DELIVERY,,,,,,,,BKFA,fgalioto,20170831,1
,"2017-11-20 07:59:33",23910094,,,"Unknown address 3322",,403634,,,,,,,,,40.641314,-73.92262,40.641314,-73.92262,[],,0,,,09:00:00,18:00:00,,,,,,,DELIVERY,0,0,,0,0,,,BKGC,mblair,20170815,52
,"2017-11-20 07:30:07",23909583,,,"Unknown address 1247",,403634,,,,,,,0,,40.638162,-74.011938,40.638162,-74.011938,"[{""daily"":{""every"":1},""enabled"":true,""mode"":""daily""}]",,0,,,09:00:00,18:00:00,,,,,,,DELIVERY,,,,,,,,BKEB,lgasp01,20170822,5
,"2017-11-20 07:59:33",23910095,,,"Unknown address 4222",,403634,,,,,,,,,40.64088,-73.923006,40.64088,-73.923006,[],,0,,,09:00:00,18:00:00,,,,,,,DELIVERY,0,0,,0,0,,,BKHB,lgasp01,20170803,52
,"2017-11-20 07:30:08",23909584,,,"Unknown address 3291",,403634,,,,,,,0,,40.641334,-73.922368,40.641334,-73.922368,"[{""daily"":{""every"":1},""enabled"":true,""mode"":""daily""}]",,0,,,09:00:00,18:00:00,,,,,,,DELIVERY,,,,,,,,BKEI,lgasp01,20170810,52
,"2017-11-20 07:59:33",23910096,,,"Unknown address 3982",,403634,,,,,,,,,40.640989,-73.922609,40.640989,-73.922609,[],,0,,,09:00:00,18:00:00,,,,,,,DELIVERY,0,0,,0,0,,,BKFH,lgasp01,20170807,1
,"2017-11-20 07:30:09",23909585,,,"Unknown address 3136",,403634,,,,,,,0,,40.641541,-73.923202,40.641541,-73.923202,"[{""daily"":{""every"":1},""enabled"":true,""mode"":""daily""}]",,0,,,09:00:00,18:00:00,,,,,,,DELIVERY,,,,,,,,BKEG,wyuen,20170814,65
,"2017-11-20 07:59:33",23910097,,,"Unknown address 3541",,403634,,,,,,,,,40.641173,-73.922731,40.641173,-73.922731,[],,0,,,09:00:00,18:00:00,,,,,,,DELIVERY,0,0,,0,0,,,BKGB,vporti,20170815,52
,"2017-11-20 07:30:11",23909586,,,"Unknown address 4395",,403634,,,,,,,0,,40.640764,-73.922541,40.640764,-73.922541,"[{""daily"":{""every"":1},""enabled"":true,""mode"":""daily""}]",,0,,,09:00:00,18:00:00,,,,,,,DELIVERY,,,,,,,,BKEC,jcondon,20170829,42
,"2017-11-20 07:59:33",23910098,,,"Unknown address 2040",,403634,,,,,,,,,40.636416,-74.008276,40.636416,-74.008276,[],,0,,,09:00:00,18:00:00,,,,,,,DELIVERY,0,0,,0,0,,,BKEB,lgasp01,20170824,5
,"2017-11-20 07:30:14",23909587,,,"Unknown address 3864",,403634,,,,,,,0,,40.641031,-73.922519,40.641031,-73.922519,"[{""daily"":{""every"":1},""enabled"":true,""mode"":""daily""}]",,0,,,09:00:00,18:00:00,,,,,,,DELIVERY,,,,,,,,BKGB,vporti,20170811,1
,"2017-11-20 07:59:33",23910099,,,"Unknown address 3692",,403634,,,,,,,,,40.641098,-73.923168,40.641098,-73.923168,[],,0,,,09:00:00,18:00:00,,,,,,,DELIVERY,0,0,,0,0,,,BKEB,pcallana,20170804,65
,"2017-11-20 07:30:15",23909588,,,"Unknown address 3427",,403634,,,,,,,0,,40.641236,-73.92242,40.641236,-73.92242,"[{""daily"":{""every"":1},""enabled"":true,""mode"":""daily""}]",,0,,,09:00:00,18:00:00,,,,,,,DELIVERY,,,,,,,,BKLC,dasricha,20170810,52
,"2017-11-20 07:59:33",23910100,,,"Unknown address 4158",,403634,,,,,,,,,40.64091,-73.922835,40.64091,-73.922835,[],,0,,,09:00:00,18:00:00,,,,,,,DELIVERY,0,0,,0,0,,,BKFD,sromans,20170818,52
,"2017-11-20 07:30:16",23909589,,,"Unknown address 3514",,403634,,,,,,,0,,40.641186,-73.922829,40.641186,-73.922829,"[{""daily"":{""every"":1},""enabled"":true,""mode"":""daily""}]",,0,,,09:00:00,18:00:00,,,,,,,DELIVERY,,,,,,,,BKGG,mshabazz,20170821,21
,"2017-11-20 07:59:33",23910101,,,"Unknown address 46",,403634,,,,,,,,,40.640608,-73.923021,40.640608,-73.923021,[],,0,,,09:00:00,18:00:00,,,,,,,DELIVERY,0,0,,0,0,,,BKGI,lgasp01,20170803,42
,"2017-11-20 07:30:17",23909590,,,"Unknown address 3324",,403634,,,,,,,0,,40.641312,-73.922466,40.641312,-73.922466,"[{""daily"":{""every"":1},""enabled"":true,""mode"":""daily""}]",,0,,,09:00:00,18:00:00,,,,,,,DELIVERY,,,,,,,,BKFA,fgalioto,20170807,52
,"2017-11-20 07:59:33",23910102,,,"Unknown address 3668",,403634,,,,,,,,,40.641109,-73.922793,40.641109,-73.922793,[],,0,,,09:00:00,18:00:00,,,,,,,DELIVERY,0,0,,0,0,,,BKGB,erlin,20170824,52
,"2017-11-20 07:30:18",23909591,,,"Unknown address 3578",,403634,,,,,,,0,,40.641152,-73.922788,40.641152,-73.922788,"[{""daily"":{""every"":1},""enabled"":true,""mode"":""daily""}]",,0,,,09:00:00,18:00:00,,,,,,,DELIVERY,,,,,,,,BKGI,lgasp01,20170801,52
,"2017-11-20 07:59:33",23910103,,,"Unknown address 3690",,403634,,,,,,,,,40.641099,-73.92273,40.641099,-73.92273,[],,0,,,09:00:00,18:00:00,,,,,,,DELIVERY,0,0,,0,0,,,BKEI,lgasp01,20170829,52
,"2017-11-20 07:30:20",23909592,,,"Unknown address 2987",,403634,,,,,,,0,,40.641885,-73.92248,40.641885,-73.92248,"[{""daily"":{""every"":1},""enabled"":true,""mode"":""daily""}]",,0,,,09:00:00,18:00:00,,,,,,,DELIVERY,,,,,,,,BKEC,jcondon,20170809,21
,"2017-11-20 07:59:33",23910104,,,"Unknown address 3686",,403634,,,,,,,,,40.641101,-73.922693,40.641101,-73.922693,[],,0,,,09:00:00,18:00:00,,,,,,,DELIVERY,0,0,,0,0,,,BKGD,aramosj,20170816,52
,"2017-11-20 07:30:21",23909593,,,"Unknown address 3316",,403634,,,,,,,0,,40.641318,-73.922547,40.641318,-73.922547,"[{""daily"":{""every"":1},""enabled"":true,""mode"":""daily""}]",,0,,,09:00:00,18:00:00,,,,,,,DELIVERY,,,,,,,,BKEE,thjones,20170808,52
,"2017-11-20 07:59:33",23910105,,,"Unknown address 3568",,403634,,,,,,,,,40.641157,-73.922965,40.641157,-73.922965,[],,0,,,09:00:00,18:00:00,,,,,,,DELIVERY,0,0,,0,0,,,BKLC,dasricha,20170831,21
,"2017-11-20 07:30:22",23909594,,,"Unknown address 3009",,403634,,,,,,,0,,40.664929,-73.940074,40.664929,-73.940074,"[{""daily"":{""every"":1},""enabled"":true,""mode"":""daily""}]",,0,,,09:00:00,18:00:00,,,,,,,DELIVERY,,,,,,,,BKHB,rimohamm,20170828,67
,"2017-11-20 07:59:33",23910106,,,"Unknown address 4385",,403634,,,,,,,,,40.640772,-73.922509,40.640772,-73.922509,[],,0,,,09:00:00,18:00:00,,,,,,,DELIVERY,0,0,,0,0,,,BKEB,pcallana,20170809,42
,"2017-11-20 07:30:23",23909595,,,"Unknown address 3635",,403634,,,,,,,0,,40.641125,-73.92237,40.641125,-73.92237,"[{""daily"":{""every"":1},""enabled"":true,""mode"":""daily""}]",,0,,,09:00:00,18:00:00,,,,,,,DELIVERY,,,,,,,,BKGG,mshabazz,20170801,1
,"2017-11-20 07:59:33",23910107,,,"Unknown address 203",,403634,,,,,,,,,40.640331,-73.923121,40.640331,-73.923121,[],,0,,,09:00:00,18:00:00,,,,,,,DELIVERY,0,0,,0,0,,,BKHC,jexanthu,20170816,34
,"2017-11-20 07:30:24",23909596,,,"Unknown address 3466",,403634,,,,,,,0,,40.641212,-73.92301,40.641212,-73.92301,"[{""daily"":{""every"":1},""enabled"":true,""mode"":""daily""}]",,0,,,09:00:00,18:00:00,,,,,,,DELIVERY,,,,,,,,BKGI,lgasp01,20170804,21
,"2017-11-20 07:59:33",23910108,,,"Unknown address 3953",,403634,,,,,,,,,40.640997,-73.922729,40.640997,-73.922729,[],,0,,,09:00:00,18:00:00,,,,,,,DELIVERY,0,0,,0,0,,,BKFE,mimorcig,20170829,52
,"2017-11-20 07:30:25",23909597,,,"Unknown address 4489",,403634,,,,,,,0,,40.640666,-73.922669,40.640666,-73.922669,"[{""daily"":{""every"":1},""enabled"":true,""mode"":""daily""}]",,0,,,09:00:00,18:00:00,,,,,,,DELIVERY,,,,,,,,BKHA,lgasp01,20170823,42
,"2017-11-20 07:59:33",23910109,,,"Unknown address 4130",,403634,,,,,,,,,40.640924,-73.922642,40.640924,-73.922642,[],,0,,,09:00:00,18:00:00,,,,,,,DELIVERY,0,0,,0,0,,,BKLB,pjacobs,20170816,1
,"2017-11-20 07:30:27",23909598,,,"Unknown address 4113",,403634,,,,,,,0,,40.640932,-73.922852,40.640932,-73.922852,"[{""daily"":{""every"":1},""enabled"":true,""mode"":""daily""}]",,0,,,09:00:00,18:00:00,,,,,,,DELIVERY,,,,,,,,BKFC,mosolima,20170828,52
,"2017-11-20 07:59:33",23910110,,,"Unknown address 3159",,403634,,,,,,,,,40.641515,-73.92275,40.641515,-73.92275,[],,0,,,09:00:00,18:00:00,,,,,,,DELIVERY,0,0,,0,0,,,BKGH,racasian,20170815,21
,"2017-11-20 07:30:28",23909599,,,"Unknown address 3854",,403634,,,,,,,0,,40.641035,-73.922635,40.641035,-73.922635,"[{""daily"":{""every"":1},""enabled"":true,""mode"":""daily""}]",,0,,,09:00:00,18:00:00,,,,,,,DELIVERY,,,,,,,,BKGE,tracbutl,20170817,1
,"2017-11-20 07:59:33",23910111,,,"Unknown address 3482",,403634,,,,,,,,,40.641202,-73.922587,40.641202,-73.922587,[],,0,,,09:00:00,18:00:00,,,,,,,DELIVERY,0,0,,0,0,,,BKGC,mblair,20170817,52
,"2017-11-20 07:30:29",23909600,,,"Unknown address 3942",,403634,,,,,,,0,,40.640999,-73.922896,40.640999,-73.922896,"[{""daily"":{""every"":1},""enabled"":true,""mode"":""daily""}]",,0,,,09:00:00,18:00:00,,,,,,,DELIVERY,,,,,,,,BKLC,dasricha,20170803,52
,"2017-11-20 07:59:33",23910112,,,"Unknown address 4430",,403634,,,,,,,,,40.640737,-73.922835,40.640737,-73.922835,[],,0,,,09:00:00,18:00:00,,,,,,,DELIVERY,0,0,,0,0,,,BKEG,wyuen,20170825,1
,"2017-11-20 07:30:30",23909601,,,"Unknown address 3689",,403634,,,,,,,0,,40.6411,-73.922263,40.6411,-73.922263,"[{""daily"":{""every"":1},""enabled"":true,""mode"":""daily""}]",,0,,,09:00:00,18:00:00,,,,,,,DELIVERY,,,,,,,,BKEC,jcondon,20170808,1
,"2017-11-20 07:59:33",23910113,,,"Unknown address 3236",,403634,,,,,,,,,40.641397,-73.922411,40.641397,-73.922411,[],,0,,,09:00:00,18:00:00,,,,,,,DELIVERY,0,0,,0,0,,,BKFA,lgasp01,20170817,52
,"2017-11-20 07:30:35",23909602,,,"Unknown address 3046",,403634,,,,,,,0,,40.64173,-73.923206,40.64173,-73.923206,"[{""daily"":{""every"":1},""enabled"":true,""mode"":""daily""}]",,0,,,09:00:00,18:00:00,,,,,,,DELIVERY,,,,,,,,BKFC,lgasp01,20170801,65
,"2017-11-20 07:59:33",23910114,,,"Unknown address 3827",,403634,,,,,,,,,40.641051,-73.922796,40.641051,-73.922796,[],,0,,,09:00:00,18:00:00,,,,,,,DELIVERY,0,0,,0,0,,,BKFH,lgasp01,20170814,52
,"2017-11-20 07:30:36",23909603,,,"Unknown address 3882",,403634,,,,,,,0,,40.641025,-73.922526,40.641025,-73.922526,"[{""daily"":{""every"":1},""enabled"":true,""mode"":""daily""}]",,0,,,09:00:00,18:00:00,,,,,,,DELIVERY,,,,,,,,BKHC,gregohil,20170824,1
,"2017-11-20 07:59:33",23910115,,,"Unknown address 3810",,403634,,,,,,,,,40.64106,-73.922467,40.64106,-73.922467,[],,0,,,09:00:00,18:00:00,,,,,,,DELIVERY,0,0,,0,0,,,BKGH,racasian,20170824,1
,"2017-11-20 07:30:37",23909604,,,"Unknown address 3744",,403634,,,,,,,0,,40.64108,-73.922513,40.64108,-73.922513,"[{""daily"":{""every"":1},""enabled"":true,""mode"":""daily""}]",,0,,,09:00:00,18:00:00,,,,,,,DELIVERY,,,,,,,,BKGD,aramosj,20170809,1
,"2017-11-20 07:59:33",23910116,,,"Unknown address 3756",,403634,,,,,,,,,40.641079,-73.922723,40.641079,-73.922723,[],,0,,,09:00:00,18:00:00,,,,,,,DELIVERY,0,0,,0,0,,,BKEK,rassdetr,20170816,52
,"2017-11-20 07:30:41",23909605,,,"Unknown address 3954",,403634,,,,,,,0,,40.640996,-73.922668,40.640996,-73.922668,"[{""daily"":{""every"":1},""enabled"":true,""mode"":""daily""}]",,0,,,09:00:00,18:00:00,,,,,,,DELIVERY,,,,,,,,BKEA,clarewhi,20170803,1
,"2017-11-20 07:59:33",23910117,,,"Unknown address 118",,403634,,,,,,,,,40.640492,-73.922644,40.640492,-73.922644,[],,0,,,09:00:00,18:00:00,,,,,,,DELIVERY,0,0,,0,0,,,BKGD,gregohil,20170818,34
,"2017-11-20 07:30:42",23909606,,,"Unknown address 1886",,403634,,,,,,,0,,40.645185,-73.993223,40.645185,-73.993223,"[{""daily"":{""every"":1},""enabled"":true,""mode"":""daily""}]",,0,,,09:00:00,18:00:00,,,,,,,DELIVERY,,,,,,,,BKFD,sromans,20170804,60
,"2017-11-20 07:59:33",23910118,,,"Unknown address 4462",,403634,,,,,,,,,40.640699,-73.921074,40.640699,-73.921074,[],,0,,,09:00:00,18:00:00,,,,,,,DELIVERY,0,0,,0,0,,,BKLC,dasricha,20170801,34
,"2017-11-20 07:30:44",23909607,,,"Unknown address 284",,403634,,,,,,,0,,40.702731,-73.986862,40.702731,-73.986862,"[{""daily"":{""every"":1},""enabled"":true,""mode"":""daily""}]",,0,,,09:00:00,18:00:00,,,,,,,DELIVERY,,,,,,,,BKEE,thjones,20170825,28
,"2017-11-20 07:59:33",23910119,,,"Unknown address 1881",,403634,,,,,,,,,40.636753,-73.926148,40.636753,-73.926148,[],,0,,,09:00:00,18:00:00,,,,,,,DELIVERY,0,0,,0,0,,,BKFB,gregohil,20170807,40
,"2017-11-20 07:30:45",23909608,,,"Unknown address 22",,403634,,,,,,,0,,40.640632,-73.923179,40.640632,-73.923179,"[{""daily"":{""every"":1},""enabled"":true,""mode"":""daily""}]",,0,,,09:00:00,18:00:00,,,,,,,DELIVERY,,,,,,,,BKLA,tcallana,20170802,52
,"2017-11-20 07:59:33",23910120,,,"Unknown address 3769",,403634,,,,,,,,,40.641075,-73.922656,40.641075,-73.922656,[],,0,,,09:00:00,18:00:00,,,,,,,DELIVERY,0,0,,0,0,,,BKLC,dasricha,20170816,52
,"2017-11-20 07:30:46",23909609,,,"Unknown address 4918",,403634,,,,,,,0,,40.606512,-73.975403,40.606512,-73.975403,"[{""daily"":{""every"":1},""enabled"":true,""mode"":""daily""}]",,0,,,09:00:00,18:00:00,,,,,,,DELIVERY,,,,,,,,BKGB,vporti,20170810,68
,"2017-11-20 07:59:33",23910121,,,"Unknown address 3300",,403634,,,,,,,,,40.641327,-73.922547,40.641327,-73.922547,[],,0,,,09:00:00,18:00:00,,,,,,,DELIVERY,0,0,,0,0,,,BKGC,mblair,20170818,52
,"2017-11-20 07:30:47",23909610,,,"Unknown address 3913",,403634,,,,,,,0,,40.641009,-73.92333,40.641009,-73.92333,"[{""daily"":{""every"":1},""enabled"":true,""mode"":""daily""}]",,0,,,09:00:00,18:00:00,,,,,,,DELIVERY,,,,,,,,BKLA,tcallana,20170803,65
,"2017-11-20 07:59:33",23910122,,,"Unknown address 3648",,403634,,,,,,,,,40.641119,-73.922568,40.641119,-73.922568,[],,0,,,09:00:00,18:00:00,,,,,,,DELIVERY,0,0,,0,0,,,BKEG,wyuen,20170828,52
,"2017-11-20 07:30:48",23909611,,,"Unknown address 3815",,403634,,,,,,,0,,40.641057,-73.92265,40.641057,-73.92265,"[{""daily"":{""every"":1},""enabled"":true,""mode"":""daily""}]",,0,,,09:00:00,18:00:00,,,,,,,DELIVERY,,,,,,,,BKGI,hlacan,20170829,52
,"2017-11-20 07:59:33",23910123,,,"Unknown address 4378",,403634,,,,,,,,,40.640781,-73.922719,40.640781,-73.922719,[],,0,,,09:00:00,18:00:00,,,,,,,DELIVERY,0,0,,0,0,,,BKGP,lgasp01,20170821,42
,"2017-11-20 07:30:49",23909612,,,"Unknown address 3676",,403634,,,,,,,0,,40.641106,-73.92255,40.641106,-73.92255,"[{""daily"":{""every"":1},""enabled"":true,""mode"":""daily""}]",,0,,,09:00:00,18:00:00,,,,,,,DELIVERY,,,,,,,,BKGC,mblair,20170817,1
,"2017-11-20 07:59:33",23910124,,,"Unknown address 40",,403634,,,,,,,,,40.640611,-73.923055,40.640611,-73.923055,[],,0,,,09:00:00,18:00:00,,,,,,,DELIVERY,0,0,,0,0,,,BKLA,tcallana,20170822,42
,"2017-11-20 07:30:50",23909613,,,"Unknown address 2753",,403634,,,,,,,0,,40.642488,-73.924236,40.642488,-73.924236,"[{""daily"":{""every"":1},""enabled"":true,""mode"":""daily""}]",,0,,,09:00:00,18:00:00,,,,,,,DELIVERY,,,,,,,,BKFD,sromans,20170808,39
,"2017-11-20 07:59:33",23910125,,,"Unknown address 3637",,403634,,,,,,,,,40.641124,-73.922694,40.641124,-73.922694,[],,0,,,09:00:00,18:00:00,,,,,,,DELIVERY,0,0,,0,0,,,BKGD,aramosj,20170808,52
,"2017-11-20 07:30:51",23909614,,,"Unknown address 4058",,403634,,,,,,,0,,40.64096,-73.923061,40.64096,-73.923061,"[{""daily"":{""every"":1},""enabled"":true,""mode"":""daily""}]",,0,,,09:00:00,18:00:00,,,,,,,DELIVERY,,,,,,,,BKGB,vporti,20170817,21
,"2017-11-20 07:59:33",23910126,,,"Unknown address 4172",,403634,,,,,,,,,40.640907,-73.922854,40.640907,-73.922854,[],,0,,,09:00:00,18:00:00,,,,,,,DELIVERY,0,0,,0,0,,,BKGF,lgasp01,20170824,52
,"2017-11-20 07:30:52",23909615,,,"Unknown address 4188",,403634,,,,,,,0,,40.640897,-73.922727,40.640897,-73.922727,"[{""daily"":{""every"":1},""enabled"":true,""mode"":""daily""}]",,0,,,09:00:00,18:00:00,,,,,,,DELIVERY,,,,,,,,BKED,dwinslow,20170809,1
,"2017-11-20 07:59:33",23910127,,,"Unknown address 3481",,403634,,,,,,,,,40.641202,-73.922455,40.641202,-73.922455,[],,0,,,09:00:00,18:00:00,,,,,,,DELIVERY,0,0,,0,0,,,BKHA,chnoe,20170828,52
,"2017-11-20 07:30:53",23909616,,,"Unknown address 4044",,403634,,,,,,,0,,40.640966,-73.922515,40.640966,-73.922515,"[{""daily"":{""every"":1},""enabled"":true,""mode"":""daily""}]",,0,,,09:00:00,18:00:00,,,,,,,DELIVERY,,,,,,,,BKED,rassdetr,20170802,1
,"2017-11-20 07:59:33",23910128,,,"Unknown address 3475",,403634,,,,,,,,,40.641206,-73.922749,40.641206,-73.922749,[],,0,,,09:00:00,18:00:00,,,,,,,DELIVERY,0,0,,0,0,,,BKGE,tracbutl,20170801,52
,"2017-11-20 07:30:54",23909617,,,"Unknown address 4185",,403634,,,,,,,0,,40.640899,-73.922677,40.640899,-73.922677,"[{""daily"":{""every"":1},""enabled"":true,""mode"":""daily""}]",,0,,,09:00:00,18:00:00,,,,,,,DELIVERY,,,,,,,,BKGC,mblair,20170815,1
,"2017-11-20 07:59:33",23910129,,,"Unknown address 4027",,403634,,,,,,,,,40.640974,-73.922768,40.640974,-73.922768,[],,0,,,09:00:00,18:00:00,,,,,,,DELIVERY,0,0,,0,0,,,BKHA,chnoe,20170822,52
,"2017-11-20 07:30:55",23909618,,,"Unknown address 1871",,403634,,,,,,,0,,40.690644,-73.989187,40.690644,-73.989187,"[{""daily"":{""every"":1},""enabled"":true,""mode"":""daily""}]",,0,,,09:00:00,18:00:00,,,,,,,DELIVERY,,,,,,,,BKEE,thjones,20170818,45
,"2017-11-20 07:59:33",23910130,,,"Unknown address 3822",,403634,,,,,,,,,40.641055,-73.922746,40.641055,-73.922746,[],,0,,,09:00:00,18:00:00,,,,,,,DELIVERY,0,0,,0,0,,,BKEA,clarewhi,20170817,52
,"2017-11-20 07:30:56",23909619,,,"Unknown address 4228",,403634,,,,,,,0,,40.640878,-73.922738,40.640878,-73.922738,"[{""daily"":{""every"":1},""enabled"":true,""mode"":""daily""}]",,0,,,09:00:00,18:00:00,,,,,,,DELIVERY,,,,,,,,BKEA,gregohil,20170811,1
,"2017-11-20 07:59:33",23910131,,,"Unknown address 3771",,403634,,,,,,,,,40.641075,-73.922577,40.641075,-73.922577,[],,0,,,09:00:00,18:00:00,,,,,,,DELIVERY,0,0,,0,0,,,BKLD,lgasp01,20170814,1
,"2017-11-20 07:30:58",23909620,,,"Unknown address 3496",,403634,,,,,,,0,,40.641193,-73.922554,40.641193,-73.922554,"[{""daily"":{""every"":1},""enabled"":true,""mode"":""daily""}]",,0,,,09:00:00,18:00:00,,,,,,,DELIVERY,,,,,,,,BKGC,mblair,20170818,52
,"2017-11-20 07:59:33",23910132,,,"Unknown address 4124",,403634,,,,,,,,,40.640927,-73.922399,40.640927,-73.922399,[],,0,,,09:00:00,18:00:00,,,,,,,DELIVERY,0,0,,0,0,,,BKGC,mblair,20170821,42
,"2017-11-20 07:31:00",23909621,,,"Unknown address 3218",,403634,,,,,,,0,,40.641426,-73.922837,40.641426,-73.922837,"[{""daily"":{""every"":1},""enabled"":true,""mode"":""daily""}]",,0,,,09:00:00,18:00:00,,,,,,,DELIVERY,,,,,,,,BKEC,hlacan,20170811,21
,"2017-11-20 07:59:33",23910133,,,"Unknown address 2377",,403634,,,,,,,,,40.688167,-73.958971,40.688167,-73.958971,[],,0,,,09:00:00,18:00:00,,,,,,,DELIVERY,0,0,,0,0,,,BKHA,chnoe,20170807,19
,"2017-11-20 07:31:01",23909622,,,"Unknown address 3115",,403634,,,,,,,0,,40.641574,-73.922792,40.641574,-73.922792,"[{""daily"":{""every"":1},""enabled"":true,""mode"":""daily""}]",,0,,,09:00:00,18:00:00,,,,,,,DELIVERY,,,,,,,,BKEE,thjones,20170831,21
,"2017-11-20 07:59:33",23910134,,,"Unknown address 3902",,403634,,,,,,,,,40.641014,-73.922745,40.641014,-73.922745,[],,0,,,09:00:00,18:00:00,,,,,,,DELIVERY,0,0,,0,0,,,BKEK,gregohil,20170803,52
,"2017-11-20 07:31:03",23909623,,,"Unknown address 3851",,403634,,,,,,,0,,40.641037,-73.92262,40.641037,-73.92262,"[{""daily"":{""every"":1},""enabled"":true,""mode"":""daily""}]",,0,,,09:00:00,18:00:00,,,,,,,DELIVERY,,,,,,,,BKGB,vporti,20170816,1
,"2017-11-20 07:59:33",23910135,,,"Unknown address 3440",,403634,,,,,,,,,40.641226,-73.922658,40.641226,-73.922658,[],,0,,,09:00:00,18:00:00,,,,,,,DELIVERY,0,0,,0,0,,,BKGA,gregohil,20170830,52
,"2017-11-20 07:31:04",23909624,,,"Unknown address 3499",,403634,,,,,,,0,,40.641191,-73.922615,40.641191,-73.922615,"[{""daily"":{""every"":1},""enabled"":true,""mode"":""daily""}]",,0,,,09:00:00,18:00:00,,,,,,,DELIVERY,,,,,,,,BKGI,lgasp01,20170828,52
,"2017-11-20 07:59:33",23910136,,,"Unknown address 3311",,403634,,,,,,,,,40.641321,-73.922511,40.641321,-73.922511,[],,0,,,09:00:00,18:00:00,,,,,,,DELIVERY,0,0,,0,0,,,BKEE,thjones,20170804,52
,"2017-11-20 07:31:05",23909625,,,"Unknown address 3705",,403634,,,,,,,0,,40.641094,-73.923103,40.641094,-73.923103,"[{""daily"":{""every"":1},""enabled"":true,""mode"":""daily""}]",,0,,,09:00:00,18:00:00,,,,,,,DELIVERY,,,,,,,,BKGB,vporti,20170808,21
,"2017-11-20 07:59:33",23910137,,,"Unknown address 3438",,403634,,,,,,,,,40.641228,-73.922541,40.641228,-73.922541,[],,0,,,09:00:00,18:00:00,,,,,,,DELIVERY,0,0,,0,0,,,BKGC,mblair,20170821,52
,"2017-11-20 07:31:09",23909626,,,"Unknown address 3520",,403634,,,,,,,0,,40.641183,-73.922499,40.641183,-73.922499,"[{""daily"":{""every"":1},""enabled"":true,""mode"":""daily""}]",,0,,,09:00:00,18:00:00,,,,,,,DELIVERY,,,,,,,,BKEI,lgasp01,20170818,52
,"2017-11-20 07:59:33",23910138,,,"Unknown address 3839",,403634,,,,,,,,,40.641044,-73.922484,40.641044,-73.922484,[],,0,,,09:00:00,18:00:00,,,,,,,DELIVERY,0,0,,0,0,,,BKFD,sromans,20170807,1
,"2017-11-20 07:31:10",23909627,,,"Unknown address 3624",,403634,,,,,,,0,,40.641131,-73.922302,40.641131,-73.922302,"[{""daily"":{""every"":1},""enabled"":true,""mode"":""daily""}]",,0,,,09:00:00,18:00:00,,,,,,,DELIVERY,,,,,,,,BKGG,mshabazz,20170823,1
,"2017-11-20 07:59:33",23910139,,,"Unknown address 4085",,403634,,,,,,,,,40.640942,-73.922589,40.640942,-73.922589,[],,0,,,09:00:00,18:00:00,,,,,,,DELIVERY,0,0,,0,0,,,BKGD,aramosj,20170823,1
,"2017-11-20 07:31:12",23909628,,,"Unknown address 3416",,403634,,,,,,,0,,40.641241,-73.922213,40.641241,-73.922213,"[{""daily"":{""every"":1},""enabled"":true,""mode"":""daily""}]",,0,,,09:00:00,18:00:00,,,,,,,DELIVERY,,,,,,,,BKFA,fgalioto,20170804,1
,"2017-11-20 07:59:33",23910140,,,"Unknown address 3612",,403634,,,,,,,,,40.64114,-73.922486,40.64114,-73.922486,[],,0,,,09:00:00,18:00:00,,,,,,,DELIVERY,0,0,,0,0,,,BKHA,chnoe,20170802,1
,"2017-11-20 07:31:14",23909629,,,"Unknown address 3603",,403634,,,,,,,0,,40.641141,-73.922649,40.641141,-73.922649,"[{""daily"":{""every"":1},""enabled"":true,""mode"":""daily""}]",,0,,,09:00:00,18:00:00,,,,,,,DELIVERY,,,,,,,,BKFD,sromans,20170815,52
,"2017-11-20 07:59:33",23910141,,,"Unknown address 4432",,403634,,,,,,,,,40.640736,-73.922578,40.640736,-73.922578,[],,0,,,09:00:00,18:00:00,,,,,,,DELIVERY,0,0,,0,0,,,BKFC,mosolima,20170829,42
,"2017-11-20 07:31:18",23909630,,,"Unknown address 42",,403634,,,,,,,0,,40.64061,-73.925463,40.64061,-73.925463,"[{""daily"":{""every"":1},""enabled"":true,""mode"":""daily""}]",,0,,,09:00:00,18:00:00,,,,,,,DELIVERY,,,,,,,,BKFK,hlacan,20170828,43
,"2017-11-20 07:59:33",23910142,,,"Unknown address 3350",,403634,,,,,,,,,40.64129,-73.922461,40.64129,-73.922461,[],,0,,,09:00:00,18:00:00,,,,,,,DELIVERY,0,0,,0,0,,,BKFB,lgasp01,20170830,52
,"2017-11-20 07:31:21",23909631,,,"Unknown address 4282",,403634,,,,,,,0,,40.657079,-73.923819,40.657079,-73.923819,"[{""daily"":{""every"":1},""enabled"":true,""mode"":""daily""}]",,0,,,09:00:00,18:00:00,,,,,,,DELIVERY,,,,,,,,BKHC,lgasp01,20170807,58
,"2017-11-20 07:59:33",23910143,,,"Unknown address 3834",,403634,,,,,,,,,40.641047,-73.922698,40.641047,-73.922698,[],,0,,,09:00:00,18:00:00,,,,,,,DELIVERY,0,0,,0,0,,,BKFE,lgasp01,20170809,52
